"STATION","LATITUDE","LONGITUDE","ELEVATION","DATE","DAPR","MDPR","PRCP","TAVG","WT01","WT03","WT04","WT05","WT06","WT11"
"US1COBO0306","40.10444444","-105.1438889","1567.0","2013-09-09","    3","0.06","0.00",,,,,,,
"US1COBO0306","40.10444444","-105.1438889","1567.0","2013-09-10",,,"0.94",,,,,,,
"US1COBO0306","40.10444444","-105.1438889","1567.0","2013-09-14","    4","5.87",,,,,,,,
"US1COBO0306","40.10444444","-105.1438889","1567.0","2013-09-17","    3","1.69",,,,,,,,
"US1COBO0305","40.136884","-105.155356","1545.0","2013-09-09",,,"0.00",,,,,,,
"US1COBO0305","40.136884","-105.155356","1545.0","2013-09-10",,,"1.05",,,,,,,
"US1COBO0305","40.136884","-105.155356","1545.0","2013-09-11",,,"0.30",,,,,,,
"US1COBO0305","40.136884","-105.155356","1545.0","2013-09-12",,,"3.06",,,,,,,
"US1COBO0305","40.136884","-105.155356","1545.0","2013-09-13",,,"1.78",,,,,,,
"US1COBO0305","40.136884","-105.155356","1545.0","2013-09-14",,,"0.05",,,,,,,
"US1COBO0305","40.136884","-105.155356","1545.0","2013-09-15",,,"0.00",,,,,,,
"US1COBO0305","40.136884","-105.155356","1545.0","2013-09-16",,,"1.17",,,,,,,
"US1COBO0305","40.136884","-105.155356","1545.0","2013-09-17",,,"0.00",,,,,,,
"US1COBO0305","40.136884","-105.155356","1545.0","2013-09-18",,,"0.00",,,,,,,
"US1COBO0149","40.1945","-105.0905","1542.9","2013-09-09",,,"0.00",,,,,,,
"US1COBO0149","40.1945","-105.0905","1542.9","2013-09-10",,,"1.59",,,,,,,
"US1COBO0149","40.1945","-105.0905","1542.9","2013-09-11",,,"0.30",,,,,,,
"US1COBO0149","40.1945","-105.0905","1542.9","2013-09-12",,,"2.40",,,,,,,
"US1COBO0149","40.1945","-105.0905","1542.9","2013-09-13",,,"0.76",,,,,,,
"US1COBO0149","40.1945","-105.0905","1542.9","2013-09-14",,,"0.04",,,,,,,
"US1COBO0149","40.1945","-105.0905","1542.9","2013-09-15",,,"0.00",,,,,,,
"US1COBO0149","40.1945","-105.0905","1542.9","2013-09-16",,,"1.48",,,,,,,
"US1COBO0149","40.1945","-105.0905","1542.9","2013-09-17",,,"0.00",,,,,,,
"US1COBO0149","40.1945","-105.0905","1542.9","2013-09-18",,,"0.00",,,,,,,
"US1COAD0138","39.898141","-105.04522","1605.4","2013-09-09","    3","0.00","0.00",,,,,,,
"US1COAD0138","39.898141","-105.04522","1605.4","2013-09-10",,,"0.83",,,,,,,
"US1COAD0138","39.898141","-105.04522","1605.4","2013-09-11",,,"0.57",,,,,,,
"US1COAD0138","39.898141","-105.04522","1605.4","2013-09-12",,,"1.79",,,,,,,
"US1COAD0138","39.898141","-105.04522","1605.4","2013-09-13",,,"0.60",,,,,,,
"US1COAD0138","39.898141","-105.04522","1605.4","2013-09-16","    3","1.70",,,,,,,,
"US1COAD0138","39.898141","-105.04522","1605.4","2013-09-17",,,"0.01",,,,,,,
"US1COAD0138","39.898141","-105.04522","1605.4","2013-09-18",,,"0.00",,,,,,,
"US1COBO0308","40.145749","-105.390472","2366.5","2013-09-09",,,"0.00",,,,,,,
"US1COBO0308","40.145749","-105.390472","2366.5","2013-09-10",,,"1.52",,,,,,,
"US1COBO0308","40.145749","-105.390472","2366.5","2013-09-11",,,"1.98",,,,,,,
"US1COBO0308","40.145749","-105.390472","2366.5","2013-09-17","    6","10.76",,,,,,,,
"US1COJF0004","39.8748","-105.1057","1655.1","2013-09-09",,,"0.00",,,,,,,
"US1COJF0004","39.8748","-105.1057","1655.1","2013-09-10",,,"0.65",,,,,,,
"US1COJF0004","39.8748","-105.1057","1655.1","2013-09-11",,,"0.57",,,,,,,
"US1COJF0004","39.8748","-105.1057","1655.1","2013-09-12",,,"2.72",,,,,,,
"US1COWE0209","40.0679","-105.0293","1549.0","2013-09-09",,,"0.00",,,,,,,
"US1COWE0209","40.0679","-105.0293","1549.0","2013-09-10",,,"0.75",,,,,,,
"US1COWE0209","40.0679","-105.0293","1549.0","2013-09-11",,,"0.62",,,,,,,
"US1COWE0209","40.0679","-105.0293","1549.0","2013-09-12",,,"3.83",,,,,,,
"US1COWE0209","40.0679","-105.0293","1549.0","2013-09-13",,,"0.85",,,,,,,
"US1COWE0209","40.0679","-105.0293","1549.0","2013-09-14",,,"0.05",,,,,,,
"US1COWE0209","40.0679","-105.0293","1549.0","2013-09-15",,,"0.14",,,,,,,
"US1COWE0209","40.0679","-105.0293","1549.0","2013-09-16",,,"2.54",,,,,,,
"US1COWE0209","40.0679","-105.0293","1549.0","2013-09-17",,,"0.01",,,,,,,
"US1COWE0209","40.0679","-105.0293","1549.0","2013-09-18",,,"0.00",,,,,,,
"US1COJF0240","39.817103","-105.177416","1706.6","2013-09-09",,,"0.00",,,,,,,
"US1COJF0240","39.817103","-105.177416","1706.6","2013-09-10",,,"0.88",,,,,,,
"US1COJF0240","39.817103","-105.177416","1706.6","2013-09-11",,,"0.93",,,,,,,
"US1COJF0240","39.817103","-105.177416","1706.6","2013-09-12",,,"1.70",,,,,,,
"US1COJF0240","39.817103","-105.177416","1706.6","2013-09-13",,,"2.44",,,,,,,
"US1COJF0240","39.817103","-105.177416","1706.6","2013-09-14",,,"0.27",,,,,,,
"US1COJF0240","39.817103","-105.177416","1706.6","2013-09-15",,,"0.18",,,,,,,
"US1COJF0240","39.817103","-105.177416","1706.6","2013-09-16",,,"0.35",,,,,,,
"US1COJF0240","39.817103","-105.177416","1706.6","2013-09-17",,,"0.01",,,,,,,
"US1COJF0240","39.817103","-105.177416","1706.6","2013-09-18",,,"0.00",,,,,,,
"US1COBO0261","40.180185","-105.154111","1534.7","2013-09-09","    4","0.00","0.00",,,,,,,
"US1COBO0261","40.180185","-105.154111","1534.7","2013-09-10",,,"1.12",,,,,,,
"US1COBO0261","40.180185","-105.154111","1534.7","2013-09-11",,,"0.23",,,,,,,
"US1COBO0261","40.180185","-105.154111","1534.7","2013-09-12",,,"1.78",,,,,,,
"US1COBO0261","40.180185","-105.154111","1534.7","2013-09-17","    5","3.44",,,,,,,,
"US1COBO0261","40.180185","-105.154111","1534.7","2013-09-18",,,"0.02",,,,,,,
"US1COBO0144","40.138","-105.1475","1539.8","2013-09-09",,,"0.00",,,,,,,
"US1COBO0144","40.138","-105.1475","1539.8","2013-09-10",,,"1.03",,,,,,,
"US1COBO0144","40.138","-105.1475","1539.8","2013-09-11",,,"0.34",,,,,,,
"US1COBO0144","40.138","-105.1475","1539.8","2013-09-12",,,"2.71",,,,,,,
"US1COBO0144","40.138","-105.1475","1539.8","2013-09-13",,,"1.71",,,,,,,
"US1COBO0144","40.138","-105.1475","1539.8","2013-09-14",,,"0.05",,,,,,,
"US1COBO0144","40.138","-105.1475","1539.8","2013-09-15",,,"0.00",,,,,,,
"US1COBO0144","40.138","-105.1475","1539.8","2013-09-16",,,"1.06",,,,,,,
"US1COBO0144","40.138","-105.1475","1539.8","2013-09-17",,,"0.01",,,,,,,
"US1COBO0144","40.138","-105.1475","1539.8","2013-09-18",,,"0.00",,,,,,,
"US1COBO0143","40.2001","-105.1087","1538.9","2013-09-09",,,"0.00",,,,,,,
"US1COBO0143","40.2001","-105.1087","1538.9","2013-09-10",,,"1.29",,,,,,,
"US1COBO0143","40.2001","-105.1087","1538.9","2013-09-11",,,"0.30",,,,,,,
"US1COBO0143","40.2001","-105.1087","1538.9","2013-09-12",,,"1.94",,,,,,,
"US1COBO0143","40.2001","-105.1087","1538.9","2013-09-13",,,"0.89",,,,,,,
"US1COBO0143","40.2001","-105.1087","1538.9","2013-09-14",,,"0.02",,,,,,,
"US1COBO0143","40.2001","-105.1087","1538.9","2013-09-15",,,"0.00",,,,,,,
"US1COBO0143","40.2001","-105.1087","1538.9","2013-09-16",,,"1.54",,,,,,,
"US1COBO0143","40.2001","-105.1087","1538.9","2013-09-17",,,"0.00",,,,,,,
"US1COBO0143","40.2001","-105.1087","1538.9","2013-09-18",,,"0.01",,,,,,,
"US1COBO0146","40.226333","-105.266667","1645.6","2013-09-09",,,"0.00",,,,,,,
"US1COBO0146","40.226333","-105.266667","1645.6","2013-09-10",,,"1.11",,,,,,,
"US1COBO0146","40.226333","-105.266667","1645.6","2013-09-11",,,"0.52",,,,,,,
"US1COBO0146","40.226333","-105.266667","1645.6","2013-09-12",,,"3.64",,,,,,,
"US1COBO0146","40.226333","-105.266667","1645.6","2013-09-13",,,"2.38",,,,,,,
"US1COBO0146","40.226333","-105.266667","1645.6","2013-09-14",,,"0.04",,,,,,,
"US1COBO0146","40.226333","-105.266667","1645.6","2013-09-15",,,"0.04",,,,,,,
"US1COBO0146","40.226333","-105.266667","1645.6","2013-09-16",,,"1.69",,,,,,,
"US1COBO0146","40.226333","-105.266667","1645.6","2013-09-17",,,"0.02",,,,,,,
"US1COBO0146","40.226333","-105.266667","1645.6","2013-09-18",,,"0.00",,,,,,,
"US1COBO0024","39.9877","-105.1468","1681.9","2013-09-09",,,"0.00",,,,,,,
"US1COBO0024","39.9877","-105.1468","1681.9","2013-09-11",,,"0.67",,,,,,,
"US1COBO0024","39.9877","-105.1468","1681.9","2013-09-12",,,"3.83",,,,,,,
"US1COBO0024","39.9877","-105.1468","1681.9","2013-09-13",,,"2.23",,,,,,,
"US1COBO0024","39.9877","-105.1468","1681.9","2013-09-14",,,"0.06",,,,,,,
"US1COBO0024","39.9877","-105.1468","1681.9","2013-09-15",,,"0.06",,,,,,,
"US1COBO0024","39.9877","-105.1468","1681.9","2013-09-16",,,"1.49",,,,,,,
"US1COBO0024","39.9877","-105.1468","1681.9","2013-09-17",,,"0.05",,,,,,,
"US1COBO0024","39.9877","-105.1468","1681.9","2013-09-18",,,"0.00",,,,,,,
"US1COBO0266","39.989316","-105.11106","1609.6","2013-09-09",,,"0.00",,,,,,,
"US1COBO0266","39.989316","-105.11106","1609.6","2013-09-10",,,"0.92",,,,,,,
"US1COBO0266","39.989316","-105.11106","1609.6","2013-09-11",,,"0.61",,,,,,,
"US1COBO0266","39.989316","-105.11106","1609.6","2013-09-12",,,"3.86",,,,,,,
"US1COBO0266","39.989316","-105.11106","1609.6","2013-09-13",,,"1.06",,,,,,,
"US1COBO0266","39.989316","-105.11106","1609.6","2013-09-14",,,"0.08",,,,,,,
"US1COBO0266","39.989316","-105.11106","1609.6","2013-09-15",,,"0.38",,,,,,,
"US1COBO0266","39.989316","-105.11106","1609.6","2013-09-16",,,"1.31",,,,,,,
"US1COBO0266","39.989316","-105.11106","1609.6","2013-09-17",,,"0.02",,,,,,,
"US1COBO0266","39.989316","-105.11106","1609.6","2013-09-18",,,"0.00",,,,,,,
"USC00051681","39.8958","-105.3847","2728.0","2013-09-09",,,"0.94",,"    1","    1",,,,
"USC00051681","39.8958","-105.3847","2728.0","2013-09-10",,,"0.90",,"    1",,,,,
"USC00051681","39.8958","-105.3847","2728.0","2013-09-11",,,"2.40",,"    1","    1",,,,
"USC00051681","39.8958","-105.3847","2728.0","2013-09-12",,,"2.64",,"    1","    1",,,,
"USC00051681","39.8958","-105.3847","2728.0","2013-09-13",,,"1.08",,"    1","    1",,"    1",,
"USC00051681","39.8958","-105.3847","2728.0","2013-09-14",,,"0.14",,,"    1",,,,
"USC00051681","39.8958","-105.3847","2728.0","2013-09-15",,,"1.20",,"    1",,,,,
"USC00051681","39.8958","-105.3847","2728.0","2013-09-16",,,"0.01",,"    1",,,,,
"USC00051681","39.8958","-105.3847","2728.0","2013-09-17",,,"0.00",,,,,,,
"USC00051681","39.8958","-105.3847","2728.0","2013-09-18",,,"0.00",,,"    1",,,,
"USW00094075","40.0354","-105.5409","2995.6","2013-09-09",,,"1.48",,,,,,,
"USW00094075","40.0354","-105.5409","2995.6","2013-09-10",,,"1.29",,,,,,,
"USW00094075","40.0354","-105.5409","2995.6","2013-09-11",,,"2.05",,,,,,,
"USW00094075","40.0354","-105.5409","2995.6","2013-09-12",,,"2.38",,,,,,,
"USW00094075","40.0354","-105.5409","2995.6","2013-09-13",,,"0.14",,,,,,,
"USW00094075","40.0354","-105.5409","2995.6","2013-09-14",,,"0.12",,,,,,,
"USW00094075","40.0354","-105.5409","2995.6","2013-09-15",,,"0.90",,,,,,,
"USW00094075","40.0354","-105.5409","2995.6","2013-09-16",,,"0.00",,,,,,,
"USW00094075","40.0354","-105.5409","2995.6","2013-09-17",,,"0.00",,,,,,,
"USW00094075","40.0354","-105.5409","2995.6","2013-09-18",,,"0.00",,,,,,,
"US1COJF0072","39.8826","-105.1056","1656.9","2013-09-09",,,"0.00",,,,,,,
"US1COJF0072","39.8826","-105.1056","1656.9","2013-09-10",,,"0.61",,,,,,,
"US1COJF0072","39.8826","-105.1056","1656.9","2013-09-11",,,"0.56",,,,,,,
"US1COJF0072","39.8826","-105.1056","1656.9","2013-09-12",,,"2.55",,,,,,,
"US1COJF0072","39.8826","-105.1056","1656.9","2013-09-13",,,"0.96",,,,,,,
"US1COJF0072","39.8826","-105.1056","1656.9","2013-09-14",,,"0.10",,,,,,,
"US1COJF0072","39.8826","-105.1056","1656.9","2013-09-15",,,"0.10",,,,,,,
"US1COJF0072","39.8826","-105.1056","1656.9","2013-09-16",,,"1.60",,,,,,,
"US1COJF0072","39.8826","-105.1056","1656.9","2013-09-17",,,"0.05",,,,,,,
"US1COJF0072","39.8826","-105.1056","1656.9","2013-09-18",,,"0.00",,,,,,,
"US1COBO0030","39.9915","-105.2403","1636.2","2013-09-09",,,"0.00",,,,,,,
"US1COBO0030","39.9915","-105.2403","1636.2","2013-09-10",,,"1.27",,,,,,,
"US1COBO0030","39.9915","-105.2403","1636.2","2013-09-11",,,"1.28",,,,,,,
"US1COBO0030","39.9915","-105.2403","1636.2","2013-09-12",,,"7.73",,,,,,,
"US1COBO0030","39.9915","-105.2403","1636.2","2013-09-13",,,"5.30",,,,,,,
"US1COBO0030","39.9915","-105.2403","1636.2","2013-09-14",,,"0.12",,,,,,,
"US1COBO0030","39.9915","-105.2403","1636.2","2013-09-15",,,"0.20",,,,,,,
"US1COBO0030","39.9915","-105.2403","1636.2","2013-09-16",,,"2.04",,,,,,,
"US1COBO0030","39.9915","-105.2403","1636.2","2013-09-17",,,"0.02",,,,,,,
"US1COBO0030","39.9915","-105.2403","1636.2","2013-09-18",,,"0.00",,,,,,,
"US1COBO0150","40.1421","-105.1179","1523.1","2013-09-09",,,"0.00",,,,,,,
"US1COBO0150","40.1421","-105.1179","1523.1","2013-09-10",,,"1.26",,,,,,,
"US1COBO0150","40.1421","-105.1179","1523.1","2013-09-11",,,"0.43",,,,,,,
"US1COBO0150","40.1421","-105.1179","1523.1","2013-09-12",,,"2.55",,,,,,,
"US1COBO0150","40.1421","-105.1179","1523.1","2013-09-13",,,"1.04",,,,,,,
"US1COBO0150","40.1421","-105.1179","1523.1","2013-09-14",,,"0.02",,,,,,,
"US1COBO0150","40.1421","-105.1179","1523.1","2013-09-15",,,"0.01",,,,,,,
"US1COBO0150","40.1421","-105.1179","1523.1","2013-09-16",,,"1.03",,,,,,,
"US1COBO0150","40.1421","-105.1179","1523.1","2013-09-17",,,"0.00",,,,,,,
"US1COBO0150","40.1421","-105.1179","1523.1","2013-09-18",,,"0.00",,,,,,,
"US1COBO0271","40.03737","-105.079923","1575.5","2013-09-09",,,"0.00",,,,,,,
"US1COBO0271","40.03737","-105.079923","1575.5","2013-09-10",,,"0.84",,,,,,,
"US1COBO0271","40.03737","-105.079923","1575.5","2013-09-11",,,"0.63",,,,,,,
"US1COBO0271","40.03737","-105.079923","1575.5","2013-09-12",,,"3.69",,,,,,,
"US1COBO0271","40.03737","-105.079923","1575.5","2013-09-17","    5","2.74",,,,,,,,
"USC00053629","39.9363","-105.3502","2429.3","2013-09-09",,,"0.00",,,,,,,
"USC00053629","39.9363","-105.3502","2429.3","2013-09-10",,,"1.22",,,,,,,
"USC00053629","39.9363","-105.3502","2429.3","2013-09-11",,,"1.34",,,,,,,
"USC00053629","39.9363","-105.3502","2429.3","2013-09-12",,,"6.07",,,,,,,
"USC00053629","39.9363","-105.3502","2429.3","2013-09-13",,,"3.40",,,,,,,
"USC00053629","39.9363","-105.3502","2429.3","2013-09-14",,,"0.20",,,,,,,
"USC00053629","39.9363","-105.3502","2429.3","2013-09-15",,,"0.34",,,,,,,
"USC00053629","39.9363","-105.3502","2429.3","2013-09-16",,,"1.13",,,,,,,
"USC00053629","39.9363","-105.3502","2429.3","2013-09-17",,,"0.00",,,,,,,
"USC00053629","39.9363","-105.3502","2429.3","2013-09-18",,,"0.00",,,,,,,
"USR0000CBDR","40.0181","-105.3614","2052.2","2013-09-09",,,,"63",,,,,,
"USR0000CBDR","40.0181","-105.3614","2052.2","2013-09-10",,,,"56",,,,,,
"USR0000CBDR","40.0181","-105.3614","2052.2","2013-09-11",,,,"56",,,,,,
"USR0000CBDR","40.0181","-105.3614","2052.2","2013-09-12",,,,"56",,,,,,
"USR0000CBDR","40.0181","-105.3614","2052.2","2013-09-13",,,,"58",,,,,,
"USR0000CBDR","40.0181","-105.3614","2052.2","2013-09-14",,,,"57",,,,,,
"USR0000CBDR","40.0181","-105.3614","2052.2","2013-09-15",,,,"53",,,,,,
"USR0000CBDR","40.0181","-105.3614","2052.2","2013-09-16",,,,"57",,,,,,
"USR0000CBDR","40.0181","-105.3614","2052.2","2013-09-17",,,,"66",,,,,,
"USR0000CBDR","40.0181","-105.3614","2052.2","2013-09-18",,,,"65",,,,,,
"US1COBO0033","39.9735","-105.238","1673.0","2013-09-09",,,"0.00",,,,,,,
"US1COBO0033","39.9735","-105.238","1673.0","2013-09-17",,,"0.00",,,,,,,
"US1COBO0033","39.9735","-105.238","1673.0","2013-09-18",,,"0.00",,,,,,,
"USS0005J42S","40.04","-105.54","3020.6","2013-09-09",,,"1.30","50",,,,,,
"USS0005J42S","40.04","-105.54","3020.6","2013-09-10",,,"1.30","48",,,,,,
"USS0005J42S","40.04","-105.54","3020.6","2013-09-11",,,"2.10","48",,,,,,
"USS0005J42S","40.04","-105.54","3020.6","2013-09-12",,,"2.30","48",,,,,,
"USS0005J42S","40.04","-105.54","3020.6","2013-09-13",,,"0.00","48",,,,,,
"USS0005J42S","40.04","-105.54","3020.6","2013-09-14",,,"0.20","46",,,,,,
"USS0005J42S","40.04","-105.54","3020.6","2013-09-15",,,"1.00","44",,,,,,
"USS0005J42S","40.04","-105.54","3020.6","2013-09-16",,,"0.00","46",,,,,,
"USS0005J42S","40.04","-105.54","3020.6","2013-09-17",,,"0.00","51",,,,,,
"USS0005J42S","40.04","-105.54","3020.6","2013-09-18",,,"0.10","48",,,,,,
"US1COAD0153","39.896369934082","-105.027557373047","1647.1","2013-09-09",,,"0.00",,,,,,,
"US1COAD0153","39.896369934082","-105.027557373047","1647.1","2013-09-10",,,"0.00",,,,,,,
"US1COAD0153","39.896369934082","-105.027557373047","1647.1","2013-09-11","    2","1.71",,,,,,,,
"US1COAD0153","39.896369934082","-105.027557373047","1647.1","2013-09-12",,,"1.73",,,,,,,
"US1COAD0153","39.896369934082","-105.027557373047","1647.1","2013-09-13",,,"0.71",,,,,,,
"US1COAD0153","39.896369934082","-105.027557373047","1647.1","2013-09-14",,,"0.11",,,,,,,
"US1COAD0153","39.896369934082","-105.027557373047","1647.1","2013-09-15",,,"0.03",,,,,,,
"US1COAD0153","39.896369934082","-105.027557373047","1647.1","2013-09-16",,,"1.43",,,,,,,
"US1COAD0153","39.896369934082","-105.027557373047","1647.1","2013-09-17",,,"0.00",,,,,,,
"US1COAD0153","39.896369934082","-105.027557373047","1647.1","2013-09-18",,,"0.00",,,,,,,
"US1COBO0159","40.0395","-105.3275","2104.9","2013-09-09",,,"0.00",,,,,,,
"US1COBO0159","40.0395","-105.3275","2104.9","2013-09-16","    7","16.37",,,,,,,,
"US1COBO0035","40.0397","-105.2778","1659.0","2013-09-09",,,"0.00",,,,,,,
"US1COBO0035","40.0397","-105.2778","1659.0","2013-09-10",,,"0.95",,,,,,,
"US1COBO0035","40.0397","-105.2778","1659.0","2013-09-11",,,"1.58",,,,,,,
"US1COBO0035","40.0397","-105.2778","1659.0","2013-09-12",,,"8.02",,,,,,,
"US1COBO0035","40.0397","-105.2778","1659.0","2013-09-13",,,"4.15",,,,,,,
"US1COBO0035","40.0397","-105.2778","1659.0","2013-09-14",,,"0.05",,,,,,,
"US1COBO0035","40.0397","-105.2778","1659.0","2013-09-15",,,"0.09",,,,,,,
"US1COBO0035","40.0397","-105.2778","1659.0","2013-09-16",,,"1.70",,,,,,,
"US1COBO0035","40.0397","-105.2778","1659.0","2013-09-17",,,"0.07",,,,,,,
"US1COBO0035","40.0397","-105.2778","1659.0","2013-09-18",,,"0.00",,,,,,,
"US1COJF0384","39.8142433166504","-105.150993347168","1691.0","2013-09-09",,,"0.00",,,,,,,
"US1COJF0384","39.8142433166504","-105.150993347168","1691.0","2013-09-10",,,"0.99",,,,,,,
"US1COJF0384","39.8142433166504","-105.150993347168","1691.0","2013-09-11",,,"0.70",,,,,,,
"US1COJF0384","39.8142433166504","-105.150993347168","1691.0","2013-09-12",,,"2.02",,,,,,,
"US1COJF0384","39.8142433166504","-105.150993347168","1691.0","2013-09-13",,,"1.67",,,,,,,
"US1COJF0384","39.8142433166504","-105.150993347168","1691.0","2013-09-14",,,"0.26",,,,,,,
"US1COJF0384","39.8142433166504","-105.150993347168","1691.0","2013-09-15",,,"0.03",,,,,,,
"US1COJF0384","39.8142433166504","-105.150993347168","1691.0","2013-09-16",,,"0.38",,,,,,,
"US1COJF0384","39.8142433166504","-105.150993347168","1691.0","2013-09-17",,,"0.00",,,,,,,
"US1COJF0384","39.8142433166504","-105.150993347168","1691.0","2013-09-18",,,"0.00",,,,,,,
"US1COJF0026","39.8153","-105.1533","1688.0","2013-09-09",,,"0.00",,,,,,,
"US1COJF0026","39.8153","-105.1533","1688.0","2013-09-10",,,"0.87",,,,,,,
"US1COJF0026","39.8153","-105.1533","1688.0","2013-09-11",,,"0.69",,,,,,,
"US1COJF0026","39.8153","-105.1533","1688.0","2013-09-12",,,"1.64",,,,,,,
"US1COJF0026","39.8153","-105.1533","1688.0","2013-09-13",,,"1.86",,,,,,,
"US1COJF0026","39.8153","-105.1533","1688.0","2013-09-14",,,"0.26",,,,,,,
"US1COJF0026","39.8153","-105.1533","1688.0","2013-09-15",,,"0.00",,,,,,,
"US1COJF0026","39.8153","-105.1533","1688.0","2013-09-16",,,"0.35",,,,,,,
"US1COJF0026","39.8153","-105.1533","1688.0","2013-09-17",,,"0.00",,,,,,,
"US1COJF0026","39.8153","-105.1533","1688.0","2013-09-18",,,"0.00",,,,,,,
"US1COBO0329","39.98959","-105.170205","1668.2","2013-09-09",,,"0.00",,,,,,,
"US1COBO0329","39.98959","-105.170205","1668.2","2013-09-10",,,"1.34",,,,,,,
"US1COBO0329","39.98959","-105.170205","1668.2","2013-09-11",,,"0.78",,,,,,,
"US1COBO0329","39.98959","-105.170205","1668.2","2013-09-12",,,"5.05",,,,,,,
"US1COBO0041","39.9742","-105.152","1672.1","2013-09-09",,,"0.00",,,,,,,
"US1COBO0041","39.9742","-105.152","1672.1","2013-09-10",,,"1.04",,,,,,,
"US1COBO0041","39.9742","-105.152","1672.1","2013-09-11",,,"0.58",,,,,,,
"US1COBO0041","39.9742","-105.152","1672.1","2013-09-12",,,"4.08",,,,,,,
"US1COBO0041","39.9742","-105.152","1672.1","2013-09-13",,,"2.12",,,,,,,
"US1COBO0041","39.9742","-105.152","1672.1","2013-09-14",,,"0.07",,,,,,,
"US1COBO0041","39.9742","-105.152","1672.1","2013-09-15",,,"0.10",,,,,,,
"US1COBO0041","39.9742","-105.152","1672.1","2013-09-16",,,"1.27",,,,,,,
"US1COBO0041","39.9742","-105.152","1672.1","2013-09-17",,,"0.05",,,,,,,
"US1COBO0282","39.964607","-105.236213","1658.1","2013-09-09",,,"0.00",,,,,,,
"US1COBO0282","39.964607","-105.236213","1658.1","2013-09-10",,,"1.53",,,,,,,
"US1COBO0282","39.964607","-105.236213","1658.1","2013-09-11",,,"1.04",,,,,,,
"US1COBO0282","39.964607","-105.236213","1658.1","2013-09-12",,,"4.98",,,,,,,
"US1COBO0282","39.964607","-105.236213","1658.1","2013-09-13",,,"5.42",,,,,,,
"US1COBO0282","39.964607","-105.236213","1658.1","2013-09-14",,,"0.02",,,,,,,
"US1COBO0282","39.964607","-105.236213","1658.1","2013-09-15",,,"0.00",,,,,,,
"US1COBO0282","39.964607","-105.236213","1658.1","2013-09-16",,,"1.94",,,,,,,
"US1COBO0282","39.964607","-105.236213","1658.1","2013-09-17",,,"0.01",,,,,,,
"US1COBO0282","39.964607","-105.236213","1658.1","2013-09-18",,,"0.00",,,,,,,
"US1COBO0320","40.0510533","-105.3746687","2062.3","2013-09-09",,,"0.04",,,,,,,
"US1COBO0320","40.0510533","-105.3746687","2062.3","2013-09-10",,,"0.99",,,,,,,
"US1COBO0320","40.0510533","-105.3746687","2062.3","2013-09-11",,,"1.07",,,,,,,
"US1COAD0082","39.878193","-105.036363","1688.0","2013-09-09",,,"0.00",,,,,,,
"US1COAD0082","39.878193","-105.036363","1688.0","2013-09-10",,,"1.06",,,,,,,
"US1COAD0082","39.878193","-105.036363","1688.0","2013-09-11",,,"0.55",,,,,,,
"US1COAD0082","39.878193","-105.036363","1688.0","2013-09-12",,,"1.52",,,,,,,
"US1COAD0082","39.878193","-105.036363","1688.0","2013-09-13",,,"0.92",,,,,,,
"US1COAD0082","39.878193","-105.036363","1688.0","2013-09-14",,,"0.28",,,,,,,
"US1COAD0082","39.878193","-105.036363","1688.0","2013-09-15",,,"0.09",,,,,,,
"US1COAD0082","39.878193","-105.036363","1688.0","2013-09-16",,,"1.36",,,,,,,
"US1COAD0082","39.878193","-105.036363","1688.0","2013-09-17",,,"0.00",,,,,,,
"US1COAD0082","39.878193","-105.036363","1688.0","2013-09-18",,,"0.00",,,,,,,
"US1COBO0165","40.0124","-105.2307","1605.1","2013-09-09",,,"0.00",,,,,,,
"US1COBO0165","40.0124","-105.2307","1605.1","2013-09-10",,,"1.10",,,,,,,
"US1COBO0165","40.0124","-105.2307","1605.1","2013-09-11",,,"1.53",,,,,,,
"US1COBO0165","40.0124","-105.2307","1605.1","2013-09-12",,,"8.33",,,,,,,
"US1COBO0165","40.0124","-105.2307","1605.1","2013-09-13",,,"4.34",,,,,,,
"US1COBO0165","40.0124","-105.2307","1605.1","2013-09-14",,,"0.13",,,,,,,
"US1COBO0165","40.0124","-105.2307","1605.1","2013-09-15",,,"0.14",,,,,,,
"US1COBO0165","40.0124","-105.2307","1605.1","2013-09-16",,,"1.58",,,,,,,
"US1COBO0165","40.0124","-105.2307","1605.1","2013-09-17",,,"0.17",,,,,,,
"US1COBO0165","40.0124","-105.2307","1605.1","2013-09-18",,,"0.00",,,,,,,
"US1COBO0286","39.977","-105.2576","1695.0","2013-09-09",,,"0.00",,,,,,,
"US1COBO0286","39.977","-105.2576","1695.0","2013-09-10",,,"1.35",,,,,,,
"US1COBO0286","39.977","-105.2576","1695.0","2013-09-11",,,"1.02",,,,,,,
"US1COBO0286","39.977","-105.2576","1695.0","2013-09-12",,,"6.52",,,,,,,
"US1COBO0286","39.977","-105.2576","1695.0","2013-09-13",,,"5.58",,,,,,,
"US1COBO0286","39.977","-105.2576","1695.0","2013-09-14",,,"0.09",,,,,,,
"US1COBO0286","39.977","-105.2576","1695.0","2013-09-15",,,"0.34",,,,,,,
"US1COBO0286","39.977","-105.2576","1695.0","2013-09-16",,,"2.08",,,,,,,
"US1COBO0286","39.977","-105.2576","1695.0","2013-09-17",,,"0.01",,,,,,,
"US1COBO0286","39.977","-105.2576","1695.0","2013-09-18",,,"0.00",,,,,,,
"US1COBO0164","40.0613","-105.2858","1709.0","2013-09-09",,,"0.00",,,,,,,
"US1COBO0164","40.0613","-105.2858","1709.0","2013-09-10",,,"0.83",,,,,,,
"US1COBO0164","40.0613","-105.2858","1709.0","2013-09-11",,,"1.48",,,,,,,
"US1COBO0164","40.0613","-105.2858","1709.0","2013-09-12",,,"6.72",,,,,,,
"US1COBO0164","40.0613","-105.2858","1709.0","2013-09-13",,,"3.72",,,,,,,
"US1COBO0164","40.0613","-105.2858","1709.0","2013-09-14",,,"0.04",,,,,,,
"US1COBO0164","40.0613","-105.2858","1709.0","2013-09-15",,,"0.12",,,,,,,
"US1COBO0164","40.0613","-105.2858","1709.0","2013-09-16",,,"1.66",,,,,,,
"US1COBO0164","40.0613","-105.2858","1709.0","2013-09-17",,,"0.03",,,,,,,
"US1COBO0164","40.0613","-105.2858","1709.0","2013-09-18",,,"0.00",,,,,,,
"US1COBO0285","40.0414439","-105.0729374","1563.9","2013-09-09",,,"0.00",,,,,,,
"US1COBO0285","40.0414439","-105.0729374","1563.9","2013-09-10",,,"0.86",,,,,,,
"US1COBO0285","40.0414439","-105.0729374","1563.9","2013-09-11",,,"0.53",,,,,,,
"US1COBO0285","40.0414439","-105.0729374","1563.9","2013-09-12",,,"3.56",,,,,,,
"US1COBO0285","40.0414439","-105.0729374","1563.9","2013-09-13",,,"0.88",,,,,,,
"US1COBO0285","40.0414439","-105.0729374","1563.9","2013-09-14",,,"0.06",,,,,,,
"US1COBO0285","40.0414439","-105.0729374","1563.9","2013-09-15",,,"0.27",,,,,,,
"US1COBO0285","40.0414439","-105.0729374","1563.9","2013-09-16",,,"1.60",,,,,,,
"US1COBO0285","40.0414439","-105.0729374","1563.9","2013-09-17",,,"0.00",,,,,,,
"US1COBO0285","40.0414439","-105.0729374","1563.9","2013-09-18",,,"0.00",,,,,,,
"US1COBO0042","39.9707","-105.2505","1681.9","2013-09-09",,,"0.00",,,,,,,
"US1COBO0042","39.9707","-105.2505","1681.9","2013-09-10",,,"1.62",,,,,,,
"US1COBO0042","39.9707","-105.2505","1681.9","2013-09-11",,,"1.01",,,,,,,
"US1COBO0042","39.9707","-105.2505","1681.9","2013-09-12",,,"5.09",,,,,,,
"US1COBO0042","39.9707","-105.2505","1681.9","2013-09-13",,,"5.51",,,,,,,
"US1COBO0042","39.9707","-105.2505","1681.9","2013-09-14",,,"0.07",,,,,,,
"US1COBO0042","39.9707","-105.2505","1681.9","2013-09-15",,,"0.18",,,,,,,
"US1COBO0042","39.9707","-105.2505","1681.9","2013-09-16",,,"1.98",,,,,,,
"US1COBO0042","39.9707","-105.2505","1681.9","2013-09-17",,,"0.00",,,,,,,
"US1COBO0042","39.9707","-105.2505","1681.9","2013-09-18",,,"0.00",,,,,,,
"US1COBO0202","40.1103","-105.4391","2609.1","2013-09-09",,,"0.03",,,,,,,
"US1COBO0202","40.1103","-105.4391","2609.1","2013-09-10",,,"1.48",,,,,,,
"US1COBO0202","40.1103","-105.4391","2609.1","2013-09-11",,,"1.22",,,,,,,
"US1COBO0202","40.1103","-105.4391","2609.1","2013-09-12",,,"4.54",,,,,,,
"US1COBO0202","40.1103","-105.4391","2609.1","2013-09-13",,,"4.35",,,,,,,
"US1COBO0202","40.1103","-105.4391","2609.1","2013-09-14",,,"0.05",,,,,,,
"US1COBO0202","40.1103","-105.4391","2609.1","2013-09-15",,,"0.20",,,,,,,
"US1COBO0202","40.1103","-105.4391","2609.1","2013-09-16",,,"0.98",,,,,,,
"US1COBO0202","40.1103","-105.4391","2609.1","2013-09-17",,,"0.02",,,,,,,
"US1COBO0202","40.1103","-105.4391","2609.1","2013-09-18",,,"0.00",,,,,,,
"US1COBO0322","39.96605","-105.51248","2450.6","2013-09-09",,,"0.25",,,,,,,
"US1COBO0322","39.96605","-105.51248","2450.6","2013-09-10",,,"1.01",,,,,,,
"US1COBO0322","39.96605","-105.51248","2450.6","2013-09-11",,,"0.74",,,,,,,
"US1COBO0322","39.96605","-105.51248","2450.6","2013-09-12",,,"2.51",,,,,,,
"US1COBO0322","39.96605","-105.51248","2450.6","2013-09-13",,,"1.47",,,,,,,
"US1COBO0322","39.96605","-105.51248","2450.6","2013-09-14",,,"0.07",,,,,,,
"US1COBO0322","39.96605","-105.51248","2450.6","2013-09-15",,,"0.19",,,,,,,
"US1COBO0322","39.96605","-105.51248","2450.6","2013-09-16",,,"1.29",,,,,,,
"US1COBO0322","39.96605","-105.51248","2450.6","2013-09-17",,,"0.00",,,,,,,
"US1COBO0322","39.96605","-105.51248","2450.6","2013-09-18",,,"0.01",,,,,,,
"US1COBO0288","40.032633","-105.2463","1617.0","2013-09-09",,,"0.00",,,,,,,
"US1COBO0288","40.032633","-105.2463","1617.0","2013-09-10",,,"0.93",,,,,,,
"US1COBO0288","40.032633","-105.2463","1617.0","2013-09-11",,,"1.20",,,,,,,
"US1COBO0288","40.032633","-105.2463","1617.0","2013-09-12",,,"7.97",,,,,,,
"US1COBO0288","40.032633","-105.2463","1617.0","2013-09-13",,,"3.71",,,,,,,
"US1COBO0288","40.032633","-105.2463","1617.0","2013-09-14",,,"0.07",,,,,,,
"US1COBO0288","40.032633","-105.2463","1617.0","2013-09-15",,,"0.22",,,,,,,
"US1COBO0288","40.032633","-105.2463","1617.0","2013-09-16",,,"1.75",,,,,,,
"US1COBO0288","40.032633","-105.2463","1617.0","2013-09-17",,,"0.08",,,,,,,
"US1COBO0288","40.032633","-105.2463","1617.0","2013-09-18",,,"0.00",,,,,,,
"US1COBO0321","40.0022315979004","-105.254951477051","1629.2","2013-09-09",,,"0.00",,,,,,,
"US1COBO0321","40.0022315979004","-105.254951477051","1629.2","2013-09-10",,,"1.20",,,,,,,
"US1COBO0321","40.0022315979004","-105.254951477051","1629.2","2013-09-11",,,"1.10",,,,,,,
"US1COBO0321","40.0022315979004","-105.254951477051","1629.2","2013-09-12",,,"7.38",,,,,,,
"US1COBO0321","40.0022315979004","-105.254951477051","1629.2","2013-09-13",,,"4.37",,,,,,,
"US1COBO0321","40.0022315979004","-105.254951477051","1629.2","2013-09-14",,,"0.08",,,,,,,
"US1COBO0321","40.0022315979004","-105.254951477051","1629.2","2013-09-15",,,"0.08",,,,,,,
"US1COBO0321","40.0022315979004","-105.254951477051","1629.2","2013-09-16",,,,,,,,,,
"US1COBO0321","40.0022315979004","-105.254951477051","1629.2","2013-09-17",,,"0.00",,,,,,,
"US1COBO0339","40.138003","-105.165157","1546.3","2013-09-09",,,"0.00",,,,,,,
"US1COBO0339","40.138003","-105.165157","1546.3","2013-09-10",,,"1.00",,,,,,,
"US1COBO0339","40.138003","-105.165157","1546.3","2013-09-11",,,"0.32",,,,,,,
"US1COBO0339","40.138003","-105.165157","1546.3","2013-09-12",,,"3.37",,,,,,,
"US1COBO0339","40.138003","-105.165157","1546.3","2013-09-13",,,"2.03",,,,,,,
"US1COBO0339","40.138003","-105.165157","1546.3","2013-09-14",,,"0.06",,,,,,,
"US1COBO0339","40.138003","-105.165157","1546.3","2013-09-15",,,"0.01",,,,,,,
"US1COBO0339","40.138003","-105.165157","1546.3","2013-09-16",,,"1.16",,,,,,,
"US1COBO0339","40.138003","-105.165157","1546.3","2013-09-17",,,"0.01",,,,,,,
"US1COBO0339","40.138003","-105.165157","1546.3","2013-09-18",,,"0.00",,,,,,,
"US1COBO0338","40.104343","-105.160483","1547.8","2013-09-09",,,"0.00",,,,,,,
"US1COBO0338","40.104343","-105.160483","1547.8","2013-09-10",,,"0.99",,,,,,,
"US1COBO0338","40.104343","-105.160483","1547.8","2013-09-11",,,"0.54",,,,,,,
"US1COBO0338","40.104343","-105.160483","1547.8","2013-09-12",,,"4.49",,,,,,,
"US1COBO0338","40.104343","-105.160483","1547.8","2013-09-13",,,"1.99",,,,,,,
"US1COBO0338","40.104343","-105.160483","1547.8","2013-09-14",,,"0.05",,,,,,,
"US1COBO0338","40.104343","-105.160483","1547.8","2013-09-15",,,"0.25",,,,,,,
"US1COBO0338","40.104343","-105.160483","1547.8","2013-09-16",,,"1.31",,,,,,,
"US1COBO0338","40.104343","-105.160483","1547.8","2013-09-17",,,"0.02",,,,,,,
"US1COBO0338","40.104343","-105.160483","1547.8","2013-09-18",,,"0.00",,,,,,,
"US1COBO0337","40.045474","-105.267932","1652.0","2013-09-09",,,"0.00",,,,,,,
"US1COBO0337","40.045474","-105.267932","1652.0","2013-09-10",,,"0.94",,,,,,,
"US1COBO0337","40.045474","-105.267932","1652.0","2013-09-11",,,"1.38",,,,,,,
"US1COBO0337","40.045474","-105.267932","1652.0","2013-09-12",,,"8.43",,,,,,,
"US1COBO0337","40.045474","-105.267932","1652.0","2013-09-13",,,"3.31",,,,,,,
"US1COBO0337","40.045474","-105.267932","1652.0","2013-09-14",,,"0.03",,,,,,,
"US1COBO0337","40.045474","-105.267932","1652.0","2013-09-15",,,"0.19",,,,,,,
"US1COBO0337","40.045474","-105.267932","1652.0","2013-09-16",,,"1.45",,,,,,,
"US1COBO0337","40.045474","-105.267932","1652.0","2013-09-17",,,"0.00",,,,,,,
"US1COBO0337","40.045474","-105.267932","1652.0","2013-09-18",,,"0.00",,,,,,,
"US1COJF0412","39.817356","-105.155029","1686.8","2013-09-09",,,"0.00",,,,,,,
"US1COJF0412","39.817356","-105.155029","1686.8","2013-09-10",,,"0.84",,,,,,,
"US1COJF0412","39.817356","-105.155029","1686.8","2013-09-11",,,"0.70",,,,,,,
"US1COJF0412","39.817356","-105.155029","1686.8","2013-09-12",,,"2.32",,,,,,,
"US1COJF0412","39.817356","-105.155029","1686.8","2013-09-13",,,"1.43",,,,,,,
"US1COJF0412","39.817356","-105.155029","1686.8","2013-09-14",,,"1.10",,,,,,,
"US1COJF0412","39.817356","-105.155029","1686.8","2013-09-15",,,"0.20",,,,,,,
"US1COJF0412","39.817356","-105.155029","1686.8","2013-09-16",,,"0.35",,,,,,,
"US1COJF0412","39.817356","-105.155029","1686.8","2013-09-17",,,"0.01",,,,,,,
"US1COJF0412","39.817356","-105.155029","1686.8","2013-09-18",,,"0.00",,,,,,,
"US1COBO0219","40.188513","-105.386408","2438.1","2013-09-09",,,"0.00",,,,,,,
"US1COBO0219","40.188513","-105.386408","2438.1","2013-09-10",,,"1.62",,,,,,,
"US1COBO0219","40.188513","-105.386408","2438.1","2013-09-12","    2","10.53",,,,,,,,
"US1COBO0219","40.188513","-105.386408","2438.1","2013-09-13",,,"3.75",,,,,,,
"US1COBO0219","40.188513","-105.386408","2438.1","2013-09-14",,,"0.01",,,,,,,
"US1COBO0219","40.188513","-105.386408","2438.1","2013-09-15",,,"0.27",,,,,,,
"US1COBO0219","40.188513","-105.386408","2438.1","2013-09-16",,,"1.57",,,,,,,
"US1COBO0219","40.188513","-105.386408","2438.1","2013-09-17",,,"0.02",,,,,,,
"US1COBO0219","40.188513","-105.386408","2438.1","2013-09-18",,,"0.00",,,,,,,
"US1COJF0256","39.8239","-105.1823","1717.9","2013-09-09",,,"0.00",,,,,,,
"US1COJF0256","39.8239","-105.1823","1717.9","2013-09-10",,,"1.09",,,,,,,
"US1COJF0256","39.8239","-105.1823","1717.9","2013-09-11",,,"0.81",,,,,,,
"US1COJF0256","39.8239","-105.1823","1717.9","2013-09-12",,,"3.15",,,,,,,
"US1COJF0256","39.8239","-105.1823","1717.9","2013-09-13",,,"3.17",,,,,,,
"US1COJF0256","39.8239","-105.1823","1717.9","2013-09-14",,,"0.19",,,,,,,
"US1COJF0256","39.8239","-105.1823","1717.9","2013-09-17",,,"0.00",,,,,,,
"US1COJF0256","39.8239","-105.1823","1717.9","2013-09-18",,,"0.00",,,,,,,
"US1COJF0410","39.8713","-105.0677","1652.6","2013-09-09",,,"0.00",,,,,,,
"US1COJF0410","39.8713","-105.0677","1652.6","2013-09-10",,,"0.75",,,,,,,
"US1COJF0410","39.8713","-105.0677","1652.6","2013-09-11",,,"0.48",,,,,,,
"US1COJF0410","39.8713","-105.0677","1652.6","2013-09-12",,,"1.84",,,,,,,
"US1COJF0410","39.8713","-105.0677","1652.6","2013-09-13",,,"0.68",,,,,,,
"US1COJF0410","39.8713","-105.0677","1652.6","2013-09-14",,,"0.12",,,,,,,
"US1COJF0410","39.8713","-105.0677","1652.6","2013-09-15",,,"0.04",,,,,,,
"US1COJF0410","39.8713","-105.0677","1652.6","2013-09-16",,,"0.49",,,,,,,
"US1COJF0410","39.8713","-105.0677","1652.6","2013-09-17",,,"0.00",,,,,,,
"US1COJF0251","39.8502","-105.1009","1686.2","2013-09-11","    3","1.10",,,,,,,,
"US1COJF0251","39.8502","-105.1009","1686.2","2013-09-12",,,"2.79",,,,,,,
"US1COJF0251","39.8502","-105.1009","1686.2","2013-09-13",,,"0.85",,,,,,,
"US1COJF0251","39.8502","-105.1009","1686.2","2013-09-14",,,"0.18",,,,,,,
"US1COJF0251","39.8502","-105.1009","1686.2","2013-09-15",,,"0.02",,,,,,,
"US1COJF0251","39.8502","-105.1009","1686.2","2013-09-16",,,"0.70",,,,,,,
"US1COJF0251","39.8502","-105.1009","1686.2","2013-09-17",,,"0.03",,,,,,,
"US1COJF0251","39.8502","-105.1009","1686.2","2013-09-18",,,"0.00",,,,,,,
"US1COBO0290","40.0176745","-105.1287757","1604.5","2013-09-09",,,"0.00",,,,,,,
"US1COBO0290","40.0176745","-105.1287757","1604.5","2013-09-10",,,"1.05",,,,,,,
"US1COBO0290","40.0176745","-105.1287757","1604.5","2013-09-11",,,"0.64",,,,,,,
"US1COBO0290","40.0176745","-105.1287757","1604.5","2013-09-12",,,"4.01",,,,,,,
"US1COBO0290","40.0176745","-105.1287757","1604.5","2013-09-13",,,"1.42",,,,,,,
"US1COBO0290","40.0176745","-105.1287757","1604.5","2013-09-14",,,"0.06",,,,,,,
"US1COBO0290","40.0176745","-105.1287757","1604.5","2013-09-15",,,"0.65",,,,,,,
"US1COBO0290","40.0176745","-105.1287757","1604.5","2013-09-16",,,"1.44",,,,,,,
"US1COBO0290","40.0176745","-105.1287757","1604.5","2013-09-17",,,"0.02",,,,,,,
"US1COBO0290","40.0176745","-105.1287757","1604.5","2013-09-18",,,"0.00",,,,,,,
"US1COWE0393","40.063781","-105.044091","1543.8","2013-09-09",,,"0.00",,,,,,,
"US1COWE0393","40.063781","-105.044091","1543.8","2013-09-10",,,"0.77",,,,,,,
"US1COWE0393","40.063781","-105.044091","1543.8","2013-09-11",,,"0.54",,,,,,,
"US1COWE0393","40.063781","-105.044091","1543.8","2013-09-12",,,"3.07",,,,,,,
"US1COWE0393","40.063781","-105.044091","1543.8","2013-09-13",,,"0.89",,,,,,,
"US1COWE0393","40.063781","-105.044091","1543.8","2013-09-14",,,"0.04",,,,,,,
"US1COWE0393","40.063781","-105.044091","1543.8","2013-09-15",,,"0.15",,,,,,,
"US1COWE0393","40.063781","-105.044091","1543.8","2013-09-16",,,"2.05",,,,,,,
"US1COWE0393","40.063781","-105.044091","1543.8","2013-09-17",,,"0.01",,,,,,,
"US1COWE0393","40.063781","-105.044091","1543.8","2013-09-18",,,"0.00",,,,,,,
"US1COBO0292","40.1498792","-105.1519936","1531.0","2013-09-09",,,"0.00",,,,,,,
"US1COBO0292","40.1498792","-105.1519936","1531.0","2013-09-10",,,"1.04",,,,,,,
"US1COBO0292","40.1498792","-105.1519936","1531.0","2013-09-11",,,"0.30",,,,,,,
"US1COBO0292","40.1498792","-105.1519936","1531.0","2013-09-12",,,"3.08",,,,,,,
"US1COBO0292","40.1498792","-105.1519936","1531.0","2013-09-13",,,"1.59",,,,,,,
"US1COBO0292","40.1498792","-105.1519936","1531.0","2013-09-14",,,"0.04",,,,,,,
"US1COBO0292","40.1498792","-105.1519936","1531.0","2013-09-15",,,"0.00",,,,,,,
"US1COBO0292","40.1498792","-105.1519936","1531.0","2013-09-16",,,"1.10",,,,,,,
"US1COBO0292","40.1498792","-105.1519936","1531.0","2013-09-17",,,"0.01",,,,,,,
"US1COBO0292","40.1498792","-105.1519936","1531.0","2013-09-18",,,"0.00",,,,,,,
"US1COBO0298","39.99083","-105.2557","1643.2","2013-09-09",,,"0.00",,,,,,,
"US1COBO0298","39.99083","-105.2557","1643.2","2013-09-10",,,"1.10",,,,,,,
"US1COBO0298","39.99083","-105.2557","1643.2","2013-09-11",,,"1.06",,,,,,,
"US1COBO0298","39.99083","-105.2557","1643.2","2013-09-12",,,"7.00",,,,,,,
"US1COBO0298","39.99083","-105.2557","1643.2","2013-09-13",,,"5.12",,,,,,,
"US1COBO0298","39.99083","-105.2557","1643.2","2013-09-14",,,"0.08",,,,,,,
"US1COBO0298","39.99083","-105.2557","1643.2","2013-09-16","    2","2.23",,,,,,,,
"US1COBO0298","39.99083","-105.2557","1643.2","2013-09-17",,,"0.00",,,,,,,
"US1COBO0298","39.99083","-105.2557","1643.2","2013-09-18",,,"0.00",,,,,,,
"US1COBO0331","40.1439944","-105.1736708","1544.4","2013-09-09",,,"0.00",,,,,,,
"US1COBO0331","40.1439944","-105.1736708","1544.4","2013-09-10",,,"0.99",,,,,,,
"US1COBO0331","40.1439944","-105.1736708","1544.4","2013-09-11",,,"0.33",,,,,,,
"US1COBO0331","40.1439944","-105.1736708","1544.4","2013-09-12",,,"3.81",,,,,,,
"US1COBO0331","40.1439944","-105.1736708","1544.4","2013-09-14","    2","1.86",,,,,,,,
"US1COBO0331","40.1439944","-105.1736708","1544.4","2013-09-15",,,"0.01",,,,,,,
"US1COBO0331","40.1439944","-105.1736708","1544.4","2013-09-16",,,"1.29",,,,,,,
"US1COBO0331","40.1439944","-105.1736708","1544.4","2013-09-17",,,"0.00",,,,,,,
"US1COBO0331","40.1439944","-105.1736708","1544.4","2013-09-18",,,"0.00",,,,,,,
"US1COBO0296","39.9892","-105.445","2491.4","2013-09-09",,,"0.35",,,,,,,
"US1COBO0296","39.9892","-105.445","2491.4","2013-09-10",,,"0.93",,,,,,,
"US1COBO0296","39.9892","-105.445","2491.4","2013-09-11",,,"0.74",,,,,,,
"US1COBO0296","39.9892","-105.445","2491.4","2013-09-12",,,"2.85",,,,,,,
"US1COBO0296","39.9892","-105.445","2491.4","2013-09-13",,,"2.50",,,,,,,
"US1COBO0296","39.9892","-105.445","2491.4","2013-09-14",,,"0.01",,,,,,,
"US1COBO0296","39.9892","-105.445","2491.4","2013-09-15",,,"0.14",,,,,,,
"US1COWE0392","40.0235290527344","-105.039283752441","1564.2","2013-09-15",,,"0.75",,,,,,,
"US1COWE0392","40.0235290527344","-105.039283752441","1564.2","2013-09-16",,,"2.05",,,,,,,
"US1COWE0392","40.0235290527344","-105.039283752441","1564.2","2013-09-17",,,"0.00",,,,,,,
"US1COWE0392","40.0235290527344","-105.039283752441","1564.2","2013-09-18",,,"0.00",,,,,,,
"US1COBO0059","40.0686","-105.1813","1601.1","2013-09-09",,,"0.00",,,,,,,
"US1COBO0059","40.0686","-105.1813","1601.1","2013-09-10",,,"1.31",,,,,,,
"US1COBO0059","40.0686","-105.1813","1601.1","2013-09-11",,,"0.59",,,,,,,
"US1COBO0059","40.0686","-105.1813","1601.1","2013-09-12",,,"4.30",,,,,,,
"US1COBO0059","40.0686","-105.1813","1601.1","2013-09-13",,,"2.81",,,,,,,
"US1COBO0059","40.0686","-105.1813","1601.1","2013-09-15",,,"0.12",,,,,,,
"US1COBO0059","40.0686","-105.1813","1601.1","2013-09-16",,,"1.47",,,,,,,
"US1COBO0059","40.0686","-105.1813","1601.1","2013-09-17",,,"0.10",,,,,,,
"US1COBO0057","39.97141","-105.39681","2401.8","2013-09-09",,,"0.01",,,,,,,
"US1COBO0057","39.97141","-105.39681","2401.8","2013-09-10",,,"0.92",,,,,,,
"US1COBO0057","39.97141","-105.39681","2401.8","2013-09-11",,,"1.02",,,,,,,
"US1COBO0057","39.97141","-105.39681","2401.8","2013-09-12",,,"4.28",,,,,,,
"US1COBO0057","39.97141","-105.39681","2401.8","2013-09-13",,,"3.40",,,,,,,
"US1COBO0057","39.97141","-105.39681","2401.8","2013-09-14",,,"0.09",,,,,,,
"US1COBO0057","39.97141","-105.39681","2401.8","2013-09-15",,,"0.21",,,,,,,
"US1COBO0057","39.97141","-105.39681","2401.8","2013-09-16",,,"1.23",,,,,,,
"US1COBO0057","39.97141","-105.39681","2401.8","2013-09-17",,,"0.01",,,,,,,
"US1COBO0057","39.97141","-105.39681","2401.8","2013-09-18",,,"0.00",,,,,,,
"US1COBO0299","39.983755","-105.24333","1648.7","2013-09-09",,,"0.00",,,,,,,
"US1COBO0299","39.983755","-105.24333","1648.7","2013-09-10",,,"1.44",,,,,,,
"US1COBO0299","39.983755","-105.24333","1648.7","2013-09-11",,,"1.00",,,,,,,
"US1COBO0299","39.983755","-105.24333","1648.7","2013-09-12",,,"6.70",,,,,,,
"US1COBO0299","39.983755","-105.24333","1648.7","2013-09-13",,,"6.15",,,,,,,
"US1COBO0299","39.983755","-105.24333","1648.7","2013-09-15","    2","0.35",,,,,,,,
"US1COBO0299","39.983755","-105.24333","1648.7","2013-09-16",,,"2.44",,,,,,,
"US1COBO0299","39.983755","-105.24333","1648.7","2013-09-17",,,"0.04",,,,,,,
"US1COBO0299","39.983755","-105.24333","1648.7","2013-09-18",,,"0.00",,,,,,,
"US1COBO0349","40.0432929992676","-105.255088806152","1629.8","2013-09-11",,,"1.32",,,,,,,
"US1COBO0349","40.0432929992676","-105.255088806152","1629.8","2013-09-12",,,"7.40",,,,,,,
"US1COBO0349","40.0432929992676","-105.255088806152","1629.8","2013-09-13",,,"3.38",,,,,,,
"US1COBO0349","40.0432929992676","-105.255088806152","1629.8","2013-09-14",,,"0.08",,,,,,,
"US1COBO0349","40.0432929992676","-105.255088806152","1629.8","2013-09-15",,,"0.19",,,,,,,
"US1COBO0349","40.0432929992676","-105.255088806152","1629.8","2013-09-16",,,"1.67",,,,,,,
"US1COBO0349","40.0432929992676","-105.255088806152","1629.8","2013-09-17",,,"0.11",,,,,,,
"US1COBO0349","40.0432929992676","-105.255088806152","1629.8","2013-09-18",,,"0.01",,,,,,,
"US1COJF0325","39.822734","-105.122096","1650.5","2013-09-09",,,"0.00",,,,,,,
"US1COJF0325","39.822734","-105.122096","1650.5","2013-09-10",,,"0.74",,,,,,,
"US1COJF0325","39.822734","-105.122096","1650.5","2013-09-11",,,"0.53",,,,,,,
"US1COJF0325","39.822734","-105.122096","1650.5","2013-09-12",,,"2.46",,,,,,,
"US1COJF0325","39.822734","-105.122096","1650.5","2013-09-13",,,"0.88",,,,,,,
"US1COJF0325","39.822734","-105.122096","1650.5","2013-09-14",,,"0.28",,,,,,,
"US1COJF0325","39.822734","-105.122096","1650.5","2013-09-15",,,"0.01",,,,,,,
"US1COJF0325","39.822734","-105.122096","1650.5","2013-09-17","    2","0.51",,,,,,,,
"US1COJF0325","39.822734","-105.122096","1650.5","2013-09-18",,,"0.00",,,,,,,
"US1COBR0032","39.9881439208984","-105.045303344727","1594.4","2013-09-09",,,"0.00",,,,,,,
"US1COBR0032","39.9881439208984","-105.045303344727","1594.4","2013-09-10",,,"0.79",,,,,,,
"US1COBR0032","39.9881439208984","-105.045303344727","1594.4","2013-09-11",,,"0.76",,,,,,,
"US1COBR0032","39.9881439208984","-105.045303344727","1594.4","2013-09-12",,,"3.47",,,,,,,
"US1COBR0032","39.9881439208984","-105.045303344727","1594.4","2013-09-13",,,"0.80",,,,,,,
"US1COBR0032","39.9881439208984","-105.045303344727","1594.4","2013-09-14",,,"0.04",,,,,,,
"US1COBR0032","39.9881439208984","-105.045303344727","1594.4","2013-09-15",,,"0.61",,,,,,,
"US1COBR0032","39.9881439208984","-105.045303344727","1594.4","2013-09-16",,,"2.52",,,,,,,
"US1COBR0032","39.9881439208984","-105.045303344727","1594.4","2013-09-17",,,"0.00",,,,,,,
"USC00050848","39.9919","-105.2667","1671.5","2013-09-09",,,"0.25",,,"    1",,,,
"USC00050848","39.9919","-105.2667","1671.5","2013-09-10",,,"1.02",,,,,,,
"USC00050848","39.9919","-105.2667","1671.5","2013-09-11",,,"1.92",,,"    1",,,,
"USC00050848","39.9919","-105.2667","1671.5","2013-09-12",,,"9.08",,,,,,,
"USC00050848","39.9919","-105.2667","1671.5","2013-09-13",,,"2.44",,,"    1",,,,
"USC00050848","39.9919","-105.2667","1671.5","2013-09-14",,,"0.01",,,"    1",,,,
"USC00050848","39.9919","-105.2667","1671.5","2013-09-15",,,"1.94",,,,,,,
"USC00050848","39.9919","-105.2667","1671.5","2013-09-16",,,"0.49",,"    1",,,,,
"USC00050848","39.9919","-105.2667","1671.5","2013-09-17",,,"0.00",,,,,,,
"USC00050848","39.9919","-105.2667","1671.5","2013-09-18",,,"0.02",,,,,,,"    1"
"US1COBO0067","39.999614","-105.179377","1623.1","2013-09-09",,,"0.00",,,,,,,
"US1COBO0067","39.999614","-105.179377","1623.1","2013-09-10",,,"1.70",,,,,,,
"US1COBO0067","39.999614","-105.179377","1623.1","2013-09-11",,,"0.83",,,,,,,
"US1COBO0067","39.999614","-105.179377","1623.1","2013-09-12",,,"5.87",,,,,,,
"US1COBO0067","39.999614","-105.179377","1623.1","2013-09-13",,,"3.51",,,,,,,
"US1COBO0067","39.999614","-105.179377","1623.1","2013-09-14",,,"0.09",,,,,,,
"US1COBO0067","39.999614","-105.179377","1623.1","2013-09-15",,,"0.05",,,,,,,
"US1COBO0067","39.999614","-105.179377","1623.1","2013-09-16",,,"1.42",,,,,,,
"US1COBO0067","39.999614","-105.179377","1623.1","2013-09-17",,,"0.04",,,,,,,
"US1COBO0067","39.999614","-105.179377","1623.1","2013-09-18",,,"0.00",,,,,,,
"US1COBO0221","40.17241","-105.05923","1519.1","2013-09-09",,,"0.00",,,,,,,
"US1COBO0221","40.17241","-105.05923","1519.1","2013-09-10",,,"1.47",,,,,,,
"US1COBO0221","40.17241","-105.05923","1519.1","2013-09-11",,,"0.28",,,,,,,
"US1COBO0221","40.17241","-105.05923","1519.1","2013-09-12",,,"1.11",,,,,,,
"US1COBO0221","40.17241","-105.05923","1519.1","2013-09-13",,,"0.54",,,,,,,
"US1COBO0221","40.17241","-105.05923","1519.1","2013-09-14",,,"0.02",,,,,,,
"US1COBO0221","40.17241","-105.05923","1519.1","2013-09-15",,,"0.02",,,,,,,
"US1COBO0221","40.17241","-105.05923","1519.1","2013-09-16",,,"1.74",,,,,,,
"US1COBO0221","40.17241","-105.05923","1519.1","2013-09-17",,,"0.04",,,,,,,
"US1COBO0221","40.17241","-105.05923","1519.1","2013-09-18",,,"0.02",,,,,,,
"US1COBO0342","39.983686","-105.1492","1677.0","2013-09-09",,,"0.00",,,,,,,
"US1COBO0342","39.983686","-105.1492","1677.0","2013-09-10",,,"0.99",,,,,,,
"US1COBO0342","39.983686","-105.1492","1677.0","2013-09-12",,,"4.42",,,,,,,
"US1COBO0342","39.983686","-105.1492","1677.0","2013-09-13",,,"2.21",,,,,,,
"US1COBO0342","39.983686","-105.1492","1677.0","2013-09-14",,,"0.08",,,,,,,
"US1COBO0342","39.983686","-105.1492","1677.0","2013-09-15",,,"0.15",,,,,,,
"US1COBO0342","39.983686","-105.1492","1677.0","2013-09-16",,,"0.99",,,,,,,
"US1COBO0342","39.983686","-105.1492","1677.0","2013-09-17",,,"0.46",,,,,,,
"US1COBO0342","39.983686","-105.1492","1677.0","2013-09-18",,,"0.00",,,,,,,
"US1COBO0220","40.0591","-105.1717","1606.9","2013-09-09",,,"0.00",,,,,,,
"US1COBO0220","40.0591","-105.1717","1606.9","2013-09-10",,,"1.30",,,,,,,
"US1COBO0220","40.0591","-105.1717","1606.9","2013-09-11",,,"0.64",,,,,,,
"US1COBO0220","40.0591","-105.1717","1606.9","2013-09-12",,,"4.33",,,,,,,
"US1COBO0220","40.0591","-105.1717","1606.9","2013-09-13",,,"3.01",,,,,,,
"US1COBO0220","40.0591","-105.1717","1606.9","2013-09-14",,,"0.08",,,,,,,
"US1COBO0220","40.0591","-105.1717","1606.9","2013-09-15",,,"0.18",,,,,,,
"US1COBO0220","40.0591","-105.1717","1606.9","2013-09-16",,,"1.44",,,,,,,
"US1COBO0220","40.0591","-105.1717","1606.9","2013-09-17",,,"0.09",,,,,,,
"US1COBO0220","40.0591","-105.1717","1606.9","2013-09-18",,,"0.00",,,,,,,
"US1COBO0346","39.995349","-105.124674","1635.6","2013-09-09",,,"0.00",,,,,,,
"US1COBO0346","39.995349","-105.124674","1635.6","2013-09-10",,,"0.96",,,,,,,
"US1COBO0346","39.995349","-105.124674","1635.6","2013-09-11",,,"0.64",,,,,,,
"US1COBO0346","39.995349","-105.124674","1635.6","2013-09-12",,,"4.05",,,,,,,
"US1COBO0346","39.995349","-105.124674","1635.6","2013-09-13",,,"1.54",,,,,,,
"US1COBO0346","39.995349","-105.124674","1635.6","2013-09-14",,,"0.04",,,,,,,
"US1COBO0346","39.995349","-105.124674","1635.6","2013-09-16",,,"2.02",,,,,,,
"US1COBO0346","39.995349","-105.124674","1635.6","2013-09-18",,,"0.02",,,,,,,
"US1COBO0222","40.017156","-105.135335","1611.5","2013-09-09",,,"0.00",,,,,,,
"US1COBO0222","40.017156","-105.135335","1611.5","2013-09-10",,,"1.12",,,,,,,
"US1COBO0222","40.017156","-105.135335","1611.5","2013-09-11",,,"0.64",,,,,,,
"US1COBO0222","40.017156","-105.135335","1611.5","2013-09-12",,,"3.94",,,,,,,
"US1COBO0222","40.017156","-105.135335","1611.5","2013-09-13",,,"1.82",,,,,,,
"US1COBO0222","40.017156","-105.135335","1611.5","2013-09-14",,,"0.06",,,,,,,
"US1COBO0222","40.017156","-105.135335","1611.5","2013-09-15",,,"0.65",,,,,,,
"US1COBO0222","40.017156","-105.135335","1611.5","2013-09-16",,,"1.48",,,,,,,
"US1COBO0222","40.017156","-105.135335","1611.5","2013-09-17",,,"0.03",,,,,,,
"US1COBO0222","40.017156","-105.135335","1611.5","2013-09-18",,,"0.00",,,,,,,
"US1COBO0343","40.08386667","-105.3689333","2147.3","2013-09-10","    2","0.97",,,,,,,,
"US1COBO0343","40.08386667","-105.3689333","2147.3","2013-09-11",,,"1.82",,,,,,,
"US1COBO0343","40.08386667","-105.3689333","2147.3","2013-09-17","    6","14.54",,,,,,,,
"US1COBO0118","40.1832","-105.1516","1553.9","2013-09-09",,,"0.00",,,,,,,
"US1COBO0118","40.1832","-105.1516","1553.9","2013-09-10",,,"1.04",,,,,,,
"US1COBO0118","40.1832","-105.1516","1553.9","2013-09-11",,,"0.19",,,,,,,
"US1COBO0118","40.1832","-105.1516","1553.9","2013-09-12",,,"1.51",,,,,,,
"US1COBO0118","40.1832","-105.1516","1553.9","2013-09-13",,,"1.19",,,,,,,
"US1COBO0118","40.1832","-105.1516","1553.9","2013-09-14",,,"0.04",,,,,,,
"US1COBO0118","40.1832","-105.1516","1553.9","2013-09-15",,,"0.00",,,,,,,
"US1COBO0118","40.1832","-105.1516","1553.9","2013-09-16",,,"1.04",,,,,,,
"US1COBO0118","40.1832","-105.1516","1553.9","2013-09-17",,,"0.01",,,,,,,
"US1COBO0118","40.1832","-105.1516","1553.9","2013-09-18",,,"0.00",,,,,,,
"US1COBO0117","40.1853","-105.0636","1521.9","2013-09-09",,,"0.00",,,,,,,
"US1COBO0117","40.1853","-105.0636","1521.9","2013-09-10",,,"1.55",,,,,,,
"US1COBO0117","40.1853","-105.0636","1521.9","2013-09-11",,,"0.36",,,,,,,
"US1COBO0117","40.1853","-105.0636","1521.9","2013-09-12",,,"2.03",,,,,,,
"US1COBO0117","40.1853","-105.0636","1521.9","2013-09-16","    4","2.45",,,,,,,,
"US1COBO0117","40.1853","-105.0636","1521.9","2013-09-17",,,"0.00",,,,,,,
"US1COBO0117","40.1853","-105.0636","1521.9","2013-09-18",,,"0.00",,,,,,,
"US1COJF0279","39.907354","-105.379737","2682.8","2013-09-09",,,"0.00",,,,,,,
"US1COJF0279","39.907354","-105.379737","2682.8","2013-09-10",,,"1.01",,,,,,,
"US1COJF0279","39.907354","-105.379737","2682.8","2013-09-11",,,"0.85",,,,,,,
"US1COJF0279","39.907354","-105.379737","2682.8","2013-09-12",,,"4.87",,,,,,,
"US1COJF0279","39.907354","-105.379737","2682.8","2013-09-14","    2","3.54",,,,,,,,
"US1COJF0279","39.907354","-105.379737","2682.8","2013-09-15",,,"0.09",,,,,,,
"US1COJF0279","39.907354","-105.379737","2682.8","2013-09-16",,,"1.27",,,,,,,
"US1COJF0279","39.907354","-105.379737","2682.8","2013-09-17",,,"0.00",,,,,,,
"US1COJF0279","39.907354","-105.379737","2682.8","2013-09-18",,,"0.00",,,,,,,
"US1COJF0399","39.9055099487305","-105.057167053223","1613.3","2013-09-09",,,"0.00",,,,,,,
"US1COJF0399","39.9055099487305","-105.057167053223","1613.3","2013-09-10",,,"0.74",,,,,,,
"US1COJF0399","39.9055099487305","-105.057167053223","1613.3","2013-09-11",,,"0.54",,,,,,,
"US1COJF0399","39.9055099487305","-105.057167053223","1613.3","2013-09-12",,,"1.81",,,,,,,
"US1COJF0399","39.9055099487305","-105.057167053223","1613.3","2013-09-13",,,"0.57",,,,,,,
"US1COJF0399","39.9055099487305","-105.057167053223","1613.3","2013-09-14",,,"0.07",,,,,,,
"US1COJF0399","39.9055099487305","-105.057167053223","1613.3","2013-09-15",,,"0.08",,,,,,,
"US1COJF0399","39.9055099487305","-105.057167053223","1613.3","2013-09-16",,,"1.67",,,,,,,
"US1COJF0399","39.9055099487305","-105.057167053223","1613.3","2013-09-17",,,"0.01",,,,,,,
"US1COJF0399","39.9055099487305","-105.057167053223","1613.3","2013-09-18",,,"0.00",,,,,,,
"USC00056816","39.8297","-105.2352","1798.3","2013-09-09",,,"0.00",,,,,,,
"USC00056816","39.8297","-105.2352","1798.3","2013-09-10",,,"1.05",,,"    1",,,,
"USC00056816","39.8297","-105.2352","1798.3","2013-09-11",,,"1.32",,,"    1",,,,
"USC00056816","39.8297","-105.2352","1798.3","2013-09-12",,,"1.50",,,,,,,
"USC00056816","39.8297","-105.2352","1798.3","2013-09-13",,,"10.50",,,,,,,
"USC00056816","39.8297","-105.2352","1798.3","2013-09-14",,,"0.10",,,,,,,
"USC00056816","39.8297","-105.2352","1798.3","2013-09-15",,,"0.00",,,,,,,
"USC00056816","39.8297","-105.2352","1798.3","2013-09-16",,,"1.25",,,,,,,
"USC00056816","39.8297","-105.2352","1798.3","2013-09-17",,,"0.00",,,,,,,
"USC00056816","39.8297","-105.2352","1798.3","2013-09-18",,,"0.00",,,,,,,
"US1COBR0025","39.93382","-105.091588","1658.4","2013-09-09",,,"0.00",,,,,,,
"US1COBR0025","39.93382","-105.091588","1658.4","2013-09-10",,,"0.66",,,,,,,
"US1COBR0025","39.93382","-105.091588","1658.4","2013-09-11",,,"0.67",,,,,,,
"US1COBR0025","39.93382","-105.091588","1658.4","2013-09-12",,,"2.21",,,,,,,
"US1COBR0025","39.93382","-105.091588","1658.4","2013-09-13",,,"0.68",,,,,,,
"US1COBR0025","39.93382","-105.091588","1658.4","2013-09-16","    3","2.19",,,,,,,,
"US1COBR0025","39.93382","-105.091588","1658.4","2013-09-17",,,"0.00",,,,,,,
"US1COBR0025","39.93382","-105.091588","1658.4","2013-09-18",,,"0.00",,,,,,,
"US1COBR0021","39.930679","-105.108266","1642.0","2013-09-09",,,"0.00",,,,,,,
"US1COBR0021","39.930679","-105.108266","1642.0","2013-09-10",,,"0.79",,,,,,,
"US1COBR0021","39.930679","-105.108266","1642.0","2013-09-11",,,"0.56",,,,,,,
"US1COBR0021","39.930679","-105.108266","1642.0","2013-09-12",,,"2.32",,,,,,,
"US1COBR0021","39.930679","-105.108266","1642.0","2013-09-13",,,"0.99",,,,,,,
"US1COBR0021","39.930679","-105.108266","1642.0","2013-09-14",,,"0.08",,,,,,,
"US1COBR0021","39.930679","-105.108266","1642.0","2013-09-15",,,"0.17",,,,,,,
"US1COBR0021","39.930679","-105.108266","1642.0","2013-09-16",,,"1.36",,,,,,,
"US1COBR0021","39.930679","-105.108266","1642.0","2013-09-17",,,"0.01",,,,,,,
"US1COBR0021","39.930679","-105.108266","1642.0","2013-09-18",,,"0.00",,,,,,,
"US1COBR0024","39.927074","-105.07429","1647.7","2013-09-09",,,"0.00",,,,,,,
"US1COBR0024","39.927074","-105.07429","1647.7","2013-09-10",,,"0.58",,,,,,,
"US1COBR0024","39.927074","-105.07429","1647.7","2013-09-11",,,"0.59",,,,,,,
"US1COBR0024","39.927074","-105.07429","1647.7","2013-09-12",,,"1.83",,,,,,,
"US1COBR0024","39.927074","-105.07429","1647.7","2013-09-13",,,"0.56",,,,,,,
"US1COBR0024","39.927074","-105.07429","1647.7","2013-09-14",,,"0.09",,,,,,,
"US1COBR0024","39.927074","-105.07429","1647.7","2013-09-15",,,"0.21",,,,,,,
"US1COBR0024","39.927074","-105.07429","1647.7","2013-09-16",,,"1.91",,,,,,,
"US1COBR0024","39.927074","-105.07429","1647.7","2013-09-17",,,"0.02",,,,,,,
"US1COBR0024","39.927074","-105.07429","1647.7","2013-09-18",,,"0.00",,,,,,,
"US1COBR0023","39.951348","-105.032886","1607.5","2013-09-09",,,"0.00",,,,,,,
"US1COBR0023","39.951348","-105.032886","1607.5","2013-09-10",,,"0.67",,,,,,,
"US1COBR0023","39.951348","-105.032886","1607.5","2013-09-11",,,"0.66",,,,,,,
"US1COBR0023","39.951348","-105.032886","1607.5","2013-09-12",,,"2.97",,,,,,,
"US1COBR0023","39.951348","-105.032886","1607.5","2013-09-13",,,"1.34",,,,,,,
"US1COBR0023","39.951348","-105.032886","1607.5","2013-09-14",,,"0.05",,,,,,,
"US1COBR0023","39.951348","-105.032886","1607.5","2013-09-15",,,"0.15",,,,,,,
"US1COBR0023","39.951348","-105.032886","1607.5","2013-09-16",,,"2.81",,,,,,,
"US1COBR0023","39.951348","-105.032886","1607.5","2013-09-17",,,"0.00",,,,,,,
"US1COBO0074","39.9638","-105.2147","1680.1","2013-09-09",,,"0.00",,,,,,,
"US1COBO0074","39.9638","-105.2147","1680.1","2013-09-10",,,"1.74",,,,,,,
"US1COBO0074","39.9638","-105.2147","1680.1","2013-09-11",,,"1.03",,,,,,,
"US1COBO0074","39.9638","-105.2147","1680.1","2013-09-12",,,"5.24",,,,,,,
"US1COBO0074","39.9638","-105.2147","1680.1","2013-09-13",,,"5.61",,,,,,,
"US1COBO0074","39.9638","-105.2147","1680.1","2013-09-14",,,"0.10",,,,,,,
"US1COBO0074","39.9638","-105.2147","1680.1","2013-09-15",,,"0.06",,,,,,,
"US1COBO0074","39.9638","-105.2147","1680.1","2013-09-16",,,"1.71",,,,,,,
"US1COBO0072","40.0242","-105.2689","1638.9","2013-09-09",,,"0.00",,,,,,,
"US1COBO0072","40.0242","-105.2689","1638.9","2013-09-10",,,"0.97",,,,,,,
"US1COBO0072","40.0242","-105.2689","1638.9","2013-09-11",,,"1.46",,,,,,,
"US1COBO0072","40.0242","-105.2689","1638.9","2013-09-12",,,"8.87",,,,,,,
"US1COBO0072","40.0242","-105.2689","1638.9","2013-09-13",,,"4.33",,,,,,,
"US1COBO0072","40.0242","-105.2689","1638.9","2013-09-14",,,"0.07",,,,,,,
"US1COBO0072","40.0242","-105.2689","1638.9","2013-09-15",,,"0.04",,,,,,,
"US1COBO0072","40.0242","-105.2689","1638.9","2013-09-16",,,"1.53",,,,,,,
"US1COBO0072","40.0242","-105.2689","1638.9","2013-09-17",,,"0.02",,,,,,,
"US1COBO0072","40.0242","-105.2689","1638.9","2013-09-18",,,"0.00",,,,,,,
"US1COBO0110","39.977077","-105.425978","2567.0","2013-09-09",,,"0.16",,,,,,,
"US1COBO0110","39.977077","-105.425978","2567.0","2013-09-10",,,"1.11",,,,,,,
"US1COBO0110","39.977077","-105.425978","2567.0","2013-09-11",,,"0.82",,,,,,,
"US1COBO0110","39.977077","-105.425978","2567.0","2013-09-12",,,"3.27",,,,,,,
"US1COBO0110","39.977077","-105.425978","2567.0","2013-09-13",,,"2.68",,,,,,,
"US1COBO0110","39.977077","-105.425978","2567.0","2013-09-14",,,"0.06",,,,,,,
"US1COBO0110","39.977077","-105.425978","2567.0","2013-09-15",,,"0.16",,,,,,,
"US1COBO0110","39.977077","-105.425978","2567.0","2013-09-16",,,"1.24",,,,,,,
"US1COBO0110","39.977077","-105.425978","2567.0","2013-09-17",,,"0.00",,,,,,,
"US1COBO0110","39.977077","-105.425978","2567.0","2013-09-18",,,"0.00",,,,,,,
"US1COBO0352","40.1848","-105.082","1542.3","2013-09-09",,,"0.00",,,,,,,
"US1COBO0352","40.1848","-105.082","1542.3","2013-09-10",,,"2.07",,,,,,,
"US1COBO0352","40.1848","-105.082","1542.3","2013-09-11",,,"0.38",,,,,,,
"US1COBO0352","40.1848","-105.082","1542.3","2013-09-12",,,"2.54",,,,,,,
"US1COBO0352","40.1848","-105.082","1542.3","2013-09-13",,,"0.78",,,,,,,
"US1COBO0352","40.1848","-105.082","1542.3","2013-09-14",,,"0.04",,,,,,,
"US1COBO0352","40.1848","-105.082","1542.3","2013-09-15",,,"0.01",,,,,,,
"US1COBO0352","40.1848","-105.082","1542.3","2013-09-16",,,"2.04",,,,,,,
"US1COBO0352","40.1848","-105.082","1542.3","2013-09-17",,,"0.06",,,,,,,
"US1COBO0352","40.1848","-105.082","1542.3","2013-09-18",,,"0.02",,,,,,,
"US1COBO0076","40.0786","-105.1808","1581.9","2013-09-09",,,"0.00",,,,,,,
"US1COBO0076","40.0786","-105.1808","1581.9","2013-09-10",,,"1.31",,,,,,,
"US1COBO0076","40.0786","-105.1808","1581.9","2013-09-11",,,"0.61",,,,,,,
"US1COBO0076","40.0786","-105.1808","1581.9","2013-09-12",,,"4.41",,,,,,,
"US1COBO0076","40.0786","-105.1808","1581.9","2013-09-13",,,"2.78",,,,,,,
"US1COBO0076","40.0786","-105.1808","1581.9","2013-09-14",,,"0.09",,,,,,,
"US1COBO0076","40.0786","-105.1808","1581.9","2013-09-15",,,"0.12",,,,,,,
"US1COBO0076","40.0786","-105.1808","1581.9","2013-09-16",,,"1.47",,,,,,,
"US1COBO0076","40.0786","-105.1808","1581.9","2013-09-17",,,"0.11",,,,,,,
"US1COBO0230","40.080244","-105.359066","2370.1","2013-09-10",,,"1.01",,,,,,,
"US1COBO0230","40.080244","-105.359066","2370.1","2013-09-11",,,"1.67",,,,,,,
"US1COBO0230","40.080244","-105.359066","2370.1","2013-09-12",,,"5.71",,,,,,,
"US1COBO0230","40.080244","-105.359066","2370.1","2013-09-13",,,"3.84",,,,,,,
"US1COBO0230","40.080244","-105.359066","2370.1","2013-09-14",,,"0.05",,,,,,,
"US1COBO0230","40.080244","-105.359066","2370.1","2013-09-15",,,"0.14",,,,,,,
"US1COBO0230","40.080244","-105.359066","2370.1","2013-09-16",,,"0.94",,,,,,,
"US1COBO0230","40.080244","-105.359066","2370.1","2013-09-17",,,"0.02",,,,,,,
"US1COBO0230","40.080244","-105.359066","2370.1","2013-09-18",,,"0.00",,,,,,,
"US1COBO0351","40.0027","-105.141","1638.6","2013-09-09",,,"0.00",,,,,,,
"US1COBO0351","40.0027","-105.141","1638.6","2013-09-10",,,"0.96",,,,,,,
"US1COBO0351","40.0027","-105.141","1638.6","2013-09-11",,,"0.63",,,,,,,
"US1COBO0351","40.0027","-105.141","1638.6","2013-09-12",,,"4.21",,,,,,,
"US1COBO0351","40.0027","-105.141","1638.6","2013-09-13",,,"2.03",,,,,,,
"US1COBO0351","40.0027","-105.141","1638.6","2013-09-14",,,"0.03",,,,,,,
"US1COBO0351","40.0027","-105.141","1638.6","2013-09-15",,,"0.26",,,,,,,
"US1COBO0351","40.0027","-105.141","1638.6","2013-09-16",,,"2.01",,,,,,,
"US1COBO0351","40.0027","-105.141","1638.6","2013-09-17",,,"0.07",,,,,,,
"US1COBO0075","39.986","-105.4848","2542.0","2013-09-09",,,"0.19",,,,,,,
"US1COBO0075","39.986","-105.4848","2542.0","2013-09-10",,,"1.03",,,,,,,
"US1COBO0075","39.986","-105.4848","2542.0","2013-09-11",,,"0.63",,,,,,,
"US1COBO0075","39.986","-105.4848","2542.0","2013-09-12",,,"2.74",,,,,,,
"US1COBO0075","39.986","-105.4848","2542.0","2013-09-13",,,"2.03",,,,,,,
"US1COBO0075","39.986","-105.4848","2542.0","2013-09-14",,,"0.06",,,,,,,
"US1COBO0075","39.986","-105.4848","2542.0","2013-09-15",,,"0.14",,,,,,,
"US1COBO0075","39.986","-105.4848","2542.0","2013-09-16",,,"1.29",,,,,,,
"US1COBO0075","39.986","-105.4848","2542.0","2013-09-17",,,"0.01",,,,,,,
"US1COBO0075","39.986","-105.4848","2542.0","2013-09-18",,,"0.01",,,,,,,
"US1COBO0350","39.92793333","-105.1542361","1679.1","2013-09-09","    5","0.00",,,,,,,,
"US1COBO0350","39.92793333","-105.1542361","1679.1","2013-09-10",,,"1.03",,,,,,,
"US1COBO0350","39.92793333","-105.1542361","1679.1","2013-09-11",,,"0.70",,,,,,,
"US1COBO0350","39.92793333","-105.1542361","1679.1","2013-09-12",,,"2.50",,,,,,,
"US1COBO0350","39.92793333","-105.1542361","1679.1","2013-09-13",,,"2.52",,,,,,,
"US1COBO0350","39.92793333","-105.1542361","1679.1","2013-09-14",,,"0.09",,,,,,,
"US1COBO0350","39.92793333","-105.1542361","1679.1","2013-09-15",,,"0.02",,,,,,,
"US1COBO0350","39.92793333","-105.1542361","1679.1","2013-09-16",,,"1.37",,,,,,,
"US1COBO0350","39.92793333","-105.1542361","1679.1","2013-09-17",,,"0.07",,,,,,,
"US1COBO0350","39.92793333","-105.1542361","1679.1","2013-09-18",,,"0.00",,,,,,,
"US1COBO0355","39.99498","-105.474262","2519.5","2013-09-09",,,"0.23",,,,,,,
"US1COBO0355","39.99498","-105.474262","2519.5","2013-09-10",,,"0.98",,,,,,,
"US1COBO0355","39.99498","-105.474262","2519.5","2013-09-11",,,"0.62",,,,,,,
"US1COBO0355","39.99498","-105.474262","2519.5","2013-09-12",,,"2.63",,,,,,,
"US1COBO0355","39.99498","-105.474262","2519.5","2013-09-13",,,"2.07",,,,,,,
"US1COBO0355","39.99498","-105.474262","2519.5","2013-09-14",,,"0.04",,,,,,,
"US1COBO0355","39.99498","-105.474262","2519.5","2013-09-15",,,"0.13",,,,,,,
"US1COBO0355","39.99498","-105.474262","2519.5","2013-09-16",,,"1.05",,,,,,,
"US1COBO0355","39.99498","-105.474262","2519.5","2013-09-17",,,"0.01",,,,,,,
"US1COBO0355","39.99498","-105.474262","2519.5","2013-09-18",,,"0.00",,,,,,,
"US1COBO0233","39.973281","-105.427878","2523.1","2013-09-09",,,"0.19",,,,,,,
"US1COBO0233","39.973281","-105.427878","2523.1","2013-09-10",,,"1.01",,,,,,,
"US1COBO0233","39.973281","-105.427878","2523.1","2013-09-11",,,"0.73",,,,,,,
"US1COBO0233","39.973281","-105.427878","2523.1","2013-09-12",,,"2.85",,,,,,,
"US1COBO0233","39.973281","-105.427878","2523.1","2013-09-13",,,"2.31",,,,,,,
"US1COBO0233","39.973281","-105.427878","2523.1","2013-09-14",,,"0.05",,,,,,,
"US1COBO0233","39.973281","-105.427878","2523.1","2013-09-15",,,"0.26",,,,,,,
"US1COBO0233","39.973281","-105.427878","2523.1","2013-09-16",,,"1.13",,,,,,,
"US1COBO0233","39.973281","-105.427878","2523.1","2013-09-17",,,"0.00",,,,,,,
"US1COBO0233","39.973281","-105.427878","2523.1","2013-09-18",,,"0.00",,,,,,,
"US1COBO0354","39.9769111722708","-105.147400572896","1666.6","2013-09-09",,,"0.00",,,,,,,
"US1COBO0354","39.9769111722708","-105.147400572896","1666.6","2013-09-10",,,"0.95",,,,,,,
"US1COBO0354","39.9769111722708","-105.147400572896","1666.6","2013-09-11",,,"0.56",,,,,,,
"US1COBO0354","39.9769111722708","-105.147400572896","1666.6","2013-09-12",,,"3.62",,,,,,,
"US1COBO0354","39.9769111722708","-105.147400572896","1666.6","2013-09-13",,,"2.20",,,,,,,
"US1COBO0354","39.9769111722708","-105.147400572896","1666.6","2013-09-14",,,"0.06",,,,,,,
"US1COBO0354","39.9769111722708","-105.147400572896","1666.6","2013-09-16",,,"1.37",,,,,,,
"US1COBO0354","39.9769111722708","-105.147400572896","1666.6","2013-09-17",,,"0.00",,,,,,,
"US1COBO0354","39.9769111722708","-105.147400572896","1666.6","2013-09-18",,,"0.00",,,,,,,
"US1COBO0009","40.0311","-105.2883","1663.0","2013-09-09",,,"0.00",,,,,,,
"US1COBO0009","40.0311","-105.2883","1663.0","2013-09-10",,,"0.90",,,,,,,
"US1COBO0009","40.0311","-105.2883","1663.0","2013-09-11",,,"1.72",,,,,,,
"US1COBO0009","40.0311","-105.2883","1663.0","2013-09-12",,,"8.03",,,,,,,
"US1COBO0009","40.0311","-105.2883","1663.0","2013-09-13",,,"4.36",,,,,,,
"US1COBO0009","40.0311","-105.2883","1663.0","2013-09-14",,,"0.04",,,,,,,
"US1COBO0009","40.0311","-105.2883","1663.0","2013-09-15",,,"0.04",,,,,,,
"US1COBO0009","40.0311","-105.2883","1663.0","2013-09-16",,,"1.68",,,,,,,
"US1COBO0009","40.0311","-105.2883","1663.0","2013-09-17",,,"0.05",,,,,,,
"US1COBO0009","40.0311","-105.2883","1663.0","2013-09-18",,,"0.00",,,,,,,
"US1COBO0008","39.9925","-105.1057","1610.9","2013-09-09",,,"0.00",,,,,,,
"US1COBO0008","39.9925","-105.1057","1610.9","2013-09-10",,,"0.84",,,,,,,
"US1COBO0008","39.9925","-105.1057","1610.9","2013-09-11",,,"0.58",,,,,,,
"US1COBO0008","39.9925","-105.1057","1610.9","2013-09-12",,,"3.40",,,,,,,
"US1COBO0008","39.9925","-105.1057","1610.9","2013-09-13",,,"0.86",,,,,,,
"US1COBO0008","39.9925","-105.1057","1610.9","2013-09-14",,,"0.07",,,,,,,
"US1COBO0008","39.9925","-105.1057","1610.9","2013-09-15",,,"0.42",,,,,,,
"US1COBO0008","39.9925","-105.1057","1610.9","2013-09-16",,,"1.21",,,,,,,
"US1COBO0008","39.9925","-105.1057","1610.9","2013-09-17",,,"0.00",,,,,,,
"US1COBO0008","39.9925","-105.1057","1610.9","2013-09-18",,,"0.00",,,,,,,
"US1COBO0248","40.102041","-105.198728","1573.1","2013-09-09",,,"0.00",,,,,,,
"US1COBO0248","40.102041","-105.198728","1573.1","2013-09-10",,,"0.79",,,,,,,
"US1COBO0248","40.102041","-105.198728","1573.1","2013-09-11",,,"0.55",,,,,,,
"US1COBO0248","40.102041","-105.198728","1573.1","2013-09-12",,,"5.01",,,,,,,
"US1COBO0248","40.102041","-105.198728","1573.1","2013-09-13",,,"1.93",,,,,,,
"US1COBO0248","40.102041","-105.198728","1573.1","2013-09-14",,,"0.08",,,,,,,
"US1COBO0248","40.102041","-105.198728","1573.1","2013-09-15",,,"0.01",,,,,,,
"US1COBO0248","40.102041","-105.198728","1573.1","2013-09-16",,,"1.35",,,,,,,
"US1COBO0248","40.102041","-105.198728","1573.1","2013-09-17",,,"0.11",,,,,,,
"US1COBO0248","40.102041","-105.198728","1573.1","2013-09-18",,,"0.01",,,,,,,
"US1COJF0180","39.906","-105.0571","1615.1","2013-09-09",,,"0.00",,,,,,,
"US1COJF0180","39.906","-105.0571","1615.1","2013-09-10",,,"0.70",,,,,,,
"US1COJF0180","39.906","-105.0571","1615.1","2013-09-11",,,"0.55",,,,,,,
"US1COJF0180","39.906","-105.0571","1615.1","2013-09-12",,,"1.79",,,,,,,
"US1COJF0180","39.906","-105.0571","1615.1","2013-09-13",,,"0.57",,,,,,,
"US1COJF0180","39.906","-105.0571","1615.1","2013-09-14",,,"0.07",,,,,,,
"US1COJF0180","39.906","-105.0571","1615.1","2013-09-15",,,"0.12",,,,,,,
"US1COJF0180","39.906","-105.0571","1615.1","2013-09-16",,,"1.57",,,,,,,
"US1COJF0180","39.906","-105.0571","1615.1","2013-09-17",,,"0.00",,,,,,,
"US1COGL0020","39.9033508300781","-105.462768554688","2664.0","2013-09-09",,,"0.21",,,,,,,
"US1COGL0020","39.9033508300781","-105.462768554688","2664.0","2013-09-10",,,"1.02",,,,,,,
"US1COGL0020","39.9033508300781","-105.462768554688","2664.0","2013-09-11",,,"0.77",,,,,,,
"US1COGL0020","39.9033508300781","-105.462768554688","2664.0","2013-09-12",,,"1.52",,,,,,,
"US1COGL0020","39.9033508300781","-105.462768554688","2664.0","2013-09-13",,,"1.93",,,,,,,
"US1COGL0020","39.9033508300781","-105.462768554688","2664.0","2013-09-14",,,"0.08",,,,,,,
"US1COGL0020","39.9033508300781","-105.462768554688","2664.0","2013-09-15",,,"0.45",,,,,,,
"US1COGL0020","39.9033508300781","-105.462768554688","2664.0","2013-09-16",,,"1.04",,,,,,,
"US1COGL0020","39.9033508300781","-105.462768554688","2664.0","2013-09-17",,,"0.00",,,,,,,
"US1COGL0020","39.9033508300781","-105.462768554688","2664.0","2013-09-18",,,"0.00",,,,,,,
"US1COBO0084","40.1951","-105.1323","1545.0","2013-09-09",,,"0.00",,,,,,,
"US1COBO0084","40.1951","-105.1323","1545.0","2013-09-10",,,"1.17",,,,,,,
"US1COBO0084","40.1951","-105.1323","1545.0","2013-09-11",,,"0.34",,,,,,,
"US1COBO0084","40.1951","-105.1323","1545.0","2013-09-12",,,"1.91",,,,,,,
"US1COBO0084","40.1951","-105.1323","1545.0","2013-09-13",,,"1.15",,,,,,,
"US1COBO0084","40.1951","-105.1323","1545.0","2013-09-14",,,"0.04",,,,,,,
"US1COBO0084","40.1951","-105.1323","1545.0","2013-09-15",,,"0.00",,,,,,,
"US1COBO0084","40.1951","-105.1323","1545.0","2013-09-16",,,"1.52",,,,,,,
"US1COBO0084","40.1951","-105.1323","1545.0","2013-09-17",,,"0.00",,,,,,,
"US1COBO0084","40.1951","-105.1323","1545.0","2013-09-18",,,"0.02",,,,,,,
"US1COBO0083","39.9977","-105.0892","1597.2","2013-09-09",,,"0.00",,,,,,,
"US1COBO0083","39.9977","-105.0892","1597.2","2013-09-10",,,"1.02",,,,,,,
"US1COBO0083","39.9977","-105.0892","1597.2","2013-09-11",,,"0.57",,,,,,,
"US1COBO0083","39.9977","-105.0892","1597.2","2013-09-12",,,"3.21",,,,,,,
"US1COBO0083","39.9977","-105.0892","1597.2","2013-09-16","    4","2.71",,,,,,,,
"US1COBO0243","39.957167","-105.1865","1731.0","2013-09-09",,,"0.00",,,,,,,
"US1COBO0243","39.957167","-105.1865","1731.0","2013-09-10",,,"1.62",,,,,,,
"US1COBO0243","39.957167","-105.1865","1731.0","2013-09-11",,,"0.90",,,,,,,
"US1COBO0243","39.957167","-105.1865","1731.0","2013-09-12",,,"4.62",,,,,,,
"US1COBO0243","39.957167","-105.1865","1731.0","2013-09-13",,,"4.77",,,,,,,
"US1COBO0243","39.957167","-105.1865","1731.0","2013-09-14",,,"0.02",,,,,,,
"US1COBO0243","39.957167","-105.1865","1731.0","2013-09-15",,,"0.86",,,,,,,
"US1COBO0243","39.957167","-105.1865","1731.0","2013-09-16",,,"0.78",,,,,,,
"US1COBO0243","39.957167","-105.1865","1731.0","2013-09-17",,,"0.00",,,,,,,
"US1COBO0243","39.957167","-105.1865","1731.0","2013-09-18",,,"0.00",,,,,,,
"US1COBO0120","40.0132","-105.2064","1605.1","2013-09-09",,,"0.00",,,,,,,
"US1COBO0120","40.0132","-105.2064","1605.1","2013-09-10",,,"1.81",,,,,,,
"US1COBO0120","40.0132","-105.2064","1605.1","2013-09-11",,,"0.86",,,,,,,
"US1COBO0120","40.0132","-105.2064","1605.1","2013-09-12",,,"8.67",,,,,,,
"US1COBO0120","40.0132","-105.2064","1605.1","2013-09-13",,,"2.46",,,,,,,
"US1COBO0120","40.0132","-105.2064","1605.1","2013-09-14",,,"0.01",,,,,,,
"US1COBO0120","40.0132","-105.2064","1605.1","2013-09-17","    3","1.62",,,,,,,,
"US1COBO0247","40.002621","-105.471881","2492.0","2013-09-09",,,"0.16",,,,,,,
"US1COBO0247","40.002621","-105.471881","2492.0","2013-09-10",,,"1.00",,,,,,,
"US1COBO0247","40.002621","-105.471881","2492.0","2013-09-11",,,"0.75",,,,,,,
"US1COBO0247","40.002621","-105.471881","2492.0","2013-09-12",,,"2.70",,,,,,,
"US1COBO0247","40.002621","-105.471881","2492.0","2013-09-13",,,"1.97",,,,,,,
"US1COBO0247","40.002621","-105.471881","2492.0","2013-09-14",,,"0.05",,,,,,,
"US1COBO0247","40.002621","-105.471881","2492.0","2013-09-15",,,"0.14",,,,,,,
"US1COBO0247","40.002621","-105.471881","2492.0","2013-09-16",,,"1.00",,,,,,,
"US1COBO0247","40.002621","-105.471881","2492.0","2013-09-17",,,"0.01",,,,,,,
"US1COBO0004","39.9941","-105.2573","1645.0","2013-09-09",,,"0.00",,,,,,,
"US1COBO0004","39.9941","-105.2573","1645.0","2013-09-10",,,"1.23",,,,,,,
"US1COBO0004","39.9941","-105.2573","1645.0","2013-09-11",,,"0.97",,,,,,,
"US1COBO0004","39.9941","-105.2573","1645.0","2013-09-12",,,"7.20",,,,,,,
"US1COBO0004","39.9941","-105.2573","1645.0","2013-09-13",,,"5.30",,,,,,,
"US1COBO0004","39.9941","-105.2573","1645.0","2013-09-14",,,"0.09",,,,,,,
"US1COBO0004","39.9941","-105.2573","1645.0","2013-09-15",,,"0.25",,,,,,,
"US1COBO0004","39.9941","-105.2573","1645.0","2013-09-16",,,"2.03",,,,,,,
"US1COBO0004","39.9941","-105.2573","1645.0","2013-09-17",,,"0.02",,,,,,,
"US1COBO0004","39.9941","-105.2573","1645.0","2013-09-18",,,"0.00",,,,,,,
"US1COBO0002","39.935","-105.0845","1663.9","2013-09-09",,,"0.00",,,,,,,
"US1COBO0002","39.935","-105.0845","1663.9","2013-09-10",,,"0.71",,,,,,,
"US1COBO0002","39.935","-105.0845","1663.9","2013-09-11",,,"0.64",,,,,,,
"US1COBO0002","39.935","-105.0845","1663.9","2013-09-12",,,"1.96",,,,,,,
"US1COBO0002","39.935","-105.0845","1663.9","2013-09-13",,,"0.82",,,,,,,
"US1COBO0002","39.935","-105.0845","1663.9","2013-09-14",,,"0.09",,,,,,,
"US1COBO0002","39.935","-105.0845","1663.9","2013-09-15",,,"0.45",,,,,,,
"US1COBO0002","39.935","-105.0845","1663.9","2013-09-16",,,"1.69",,,,,,,
"US1COBO0002","39.935","-105.0845","1663.9","2013-09-17",,,"0.00",,,,,,,
"US1COBO0002","39.935","-105.0845","1663.9","2013-09-18",,,"0.00",,,,,,,
"US1COJF0057","39.8947","-105.0646","1619.1","2013-09-09",,,"0.00",,,,,,,
"US1COJF0057","39.8947","-105.0646","1619.1","2013-09-10",,,"0.74",,,,,,,
"US1COJF0057","39.8947","-105.0646","1619.1","2013-09-11",,,"0.52",,,,,,,
"US1COJF0057","39.8947","-105.0646","1619.1","2013-09-12",,,"2.00",,,,,,,
"US1COJF0057","39.8947","-105.0646","1619.1","2013-09-13",,,"0.58",,,,,,,
"US1COJF0057","39.8947","-105.0646","1619.1","2013-09-14",,,"0.10",,,,,,,
"US1COJF0057","39.8947","-105.0646","1619.1","2013-09-15",,,"0.08",,,,,,,
"US1COJF0057","39.8947","-105.0646","1619.1","2013-09-17","    2","1.16",,,,,,,,
"USC00055984","39.8988","-105.0133","1648.1","2013-09-09",,,"0.00",,,,,,,
"USC00055984","39.8988","-105.0133","1648.1","2013-09-10",,,"0.77",,,,,,,
"USC00055984","39.8988","-105.0133","1648.1","2013-09-11",,,"0.79",,,,,,,
"USC00055984","39.8988","-105.0133","1648.1","2013-09-12",,,"1.88",,,,,,,
"USC00055984","39.8988","-105.0133","1648.1","2013-09-13",,,"0.81",,,,,,,
"USC00055984","39.8988","-105.0133","1648.1","2013-09-14",,,"0.14",,,,,,,
"USC00055984","39.8988","-105.0133","1648.1","2013-09-15",,,"0.00",,,,,,,
"USC00055984","39.8988","-105.0133","1648.1","2013-09-16",,,"1.02",,,,,,,
"USC00055984","39.8988","-105.0133","1648.1","2013-09-17",,,"0.00",,,,,,,
"USC00055984","39.8988","-105.0133","1648.1","2013-09-18",,,"0.00",,,,,,,
"US1COBO0019","40.0046","-105.1715","1620.0","2013-09-09",,,"0.00",,,,,,,
"US1COBO0019","40.0046","-105.1715","1620.0","2013-09-10",,,"1.42",,,,,,,
"US1COBO0019","40.0046","-105.1715","1620.0","2013-09-11",,,"0.67",,,,,,,
"US1COBO0019","40.0046","-105.1715","1620.0","2013-09-12",,,"5.17",,,,,,,
"US1COBO0019","40.0046","-105.1715","1620.0","2013-09-13",,,"3.15",,,,,,,
"US1COBO0019","40.0046","-105.1715","1620.0","2013-09-14",,,"0.04",,,,,,,
"US1COBO0019","40.0046","-105.1715","1620.0","2013-09-15",,,"0.05",,,,,,,
"US1COBO0019","40.0046","-105.1715","1620.0","2013-09-16",,,"1.45",,,,,,,
"US1COBO0019","40.0046","-105.1715","1620.0","2013-09-17",,,"0.05",,,,,,,
"US1COJF0331","39.88175","-105.390301","2801.7","2013-09-09",,,"0.01",,,,,,,
"US1COJF0331","39.88175","-105.390301","2801.7","2013-09-10",,,"1.13",,,,,,,
"US1COJF0331","39.88175","-105.390301","2801.7","2013-09-11",,,"0.94",,,,,,,
"US1COJF0331","39.88175","-105.390301","2801.7","2013-09-12",,,"2.92",,,,,,,
"US1COJF0331","39.88175","-105.390301","2801.7","2013-09-13",,,"2.75",,,,,,,
"US1COJF0331","39.88175","-105.390301","2801.7","2013-09-14",,,"0.77",,,,,,,
"US1COJF0331","39.88175","-105.390301","2801.7","2013-09-15",,,"0.21",,,,,,,
"US1COJF0331","39.88175","-105.390301","2801.7","2013-09-16",,,"1.22",,,,,,,
"US1COJF0331","39.88175","-105.390301","2801.7","2013-09-17",,,"0.01",,,,,,,
"US1COJF0331","39.88175","-105.390301","2801.7","2013-09-18",,,"0.00",,,,,,,
"US1COBO0018","39.9914","-105.098","1599.9","2013-09-09",,,"0.00",,,,,,,
"US1COBO0018","39.9914","-105.098","1599.9","2013-09-10",,,"0.81",,,,,,,
"US1COBO0018","39.9914","-105.098","1599.9","2013-09-11",,,"0.59",,,,,,,
"US1COBO0018","39.9914","-105.098","1599.9","2013-09-12",,,"3.30",,,,,,,
"US1COBO0018","39.9914","-105.098","1599.9","2013-09-13",,,"0.83",,,,,,,
"US1COBO0018","39.9914","-105.098","1599.9","2013-09-14",,,"0.07",,,,,,,
"US1COBO0018","39.9914","-105.098","1599.9","2013-09-15",,,"0.41",,,,,,,
"US1COBO0018","39.9914","-105.098","1599.9","2013-09-16",,,"1.18",,,,,,,
"US1COBO0018","39.9914","-105.098","1599.9","2013-09-17",,,"0.00",,,,,,,
"US1COBO0018","39.9914","-105.098","1599.9","2013-09-18",,,"0.00",,,,,,,
"US1COBO0092","39.9588","-105.5026","2541.1","2013-09-09",,,"0.83",,,,,,,
"US1COBO0092","39.9588","-105.5026","2541.1","2013-09-10",,,"0.69",,,,,,,
"US1COBO0092","39.9588","-105.5026","2541.1","2013-09-11",,,"2.00",,,,,,,
"US1COBO0092","39.9588","-105.5026","2541.1","2013-09-12",,,"2.15",,,,,,,
"US1COBO0092","39.9588","-105.5026","2541.1","2013-09-13",,,"0.21",,,,,,,
"US1COBO0092","39.9588","-105.5026","2541.1","2013-09-14",,,"0.11",,,,,,,
"US1COBO0092","39.9588","-105.5026","2541.1","2013-09-15","    8",,"1.36",,,,,,,
"US1COGL0015","39.9216","-105.4997","2635.9","2013-09-09",,,"0.09",,,,,,,
"US1COGL0015","39.9216","-105.4997","2635.9","2013-09-10",,,"1.43",,,,,,,
"US1COGL0015","39.9216","-105.4997","2635.9","2013-09-11",,,"0.88",,,,,,,
"US1COGL0015","39.9216","-105.4997","2635.9","2013-09-12",,,"2.05",,,,,,,
"US1COGL0015","39.9216","-105.4997","2635.9","2013-09-13",,,"1.51",,,,,,,
"US1COGL0015","39.9216","-105.4997","2635.9","2013-09-14",,,"0.06",,,,,,,
"US1COGL0015","39.9216","-105.4997","2635.9","2013-09-15",,,"0.39",,,,,,,
"US1COGL0015","39.9216","-105.4997","2635.9","2013-09-16",,,"1.15",,,,,,,
"US1COGL0015","39.9216","-105.4997","2635.9","2013-09-17",,,"0.00",,,,,,,
"US1COGL0015","39.9216","-105.4997","2635.9","2013-09-18",,,"0.00",,,,,,,
"US1COBO0254","40.177776","-105.137842","1540.5","2013-09-09",,,"0.00",,,,,,,
"US1COBO0254","40.177776","-105.137842","1540.5","2013-09-10",,,"1.20",,,,,,,
"US1COBO0254","40.177776","-105.137842","1540.5","2013-09-11",,,"0.30",,,,,,,
"US1COBO0254","40.177776","-105.137842","1540.5","2013-09-12",,,"1.78",,,,,,,
"US1COBO0254","40.177776","-105.137842","1540.5","2013-09-13",,,"1.25",,,,,,,
"US1COBO0254","40.177776","-105.137842","1540.5","2013-09-14",,,"0.03",,,,,,,
"US1COBO0254","40.177776","-105.137842","1540.5","2013-09-15",,,"0.01",,,,,,,
"US1COBO0254","40.177776","-105.137842","1540.5","2013-09-16",,,"1.20",,,,,,,
"US1COBO0254","40.177776","-105.137842","1540.5","2013-09-17",,,"0.03",,,,,,,
"US1COBO0254","40.177776","-105.137842","1540.5","2013-09-18",,,"0.00",,,,,,,
"US1COBO0099","40.1998","-105.1785","1574.9","2013-09-09",,,"0.00",,,,,,,
"US1COBO0099","40.1998","-105.1785","1574.9","2013-09-10",,,"1.01",,,,,,,
"US1COBO0099","40.1998","-105.1785","1574.9","2013-09-11",,,"0.23",,,,,,,
"US1COBO0099","40.1998","-105.1785","1574.9","2013-09-12",,,"1.74",,,,,,,
"US1COBO0099","40.1998","-105.1785","1574.9","2013-09-13",,,"1.43",,,,,,,
"US1COBO0099","40.1998","-105.1785","1574.9","2013-09-14",,,"0.24",,,,,,,
"US1COBO0099","40.1998","-105.1785","1574.9","2013-09-15",,,"0.00",,,,,,,
"US1COBO0099","40.1998","-105.1785","1574.9","2013-09-16",,,"0.88",,,,,,,
"US1COBO0099","40.1998","-105.1785","1574.9","2013-09-17",,,"0.00",,,,,,,
"US1COGL0017","39.90653333","-105.5110667","2681.3","2013-09-09",,,"0.15",,,,,,,
"US1COGL0017","39.90653333","-105.5110667","2681.3","2013-09-10",,,"1.07",,,,,,,
"US1COGL0017","39.90653333","-105.5110667","2681.3","2013-09-11",,,"0.81",,,,,,,
"US1COGL0017","39.90653333","-105.5110667","2681.3","2013-09-12",,,"1.35",,,,,,,
"US1COGL0017","39.90653333","-105.5110667","2681.3","2013-09-13",,,"1.58",,,,,,,
"US1COGL0017","39.90653333","-105.5110667","2681.3","2013-09-14",,,"0.08",,,,,,,
"US1COGL0017","39.90653333","-105.5110667","2681.3","2013-09-15",,,"0.40",,,,,,,
"US1COGL0017","39.90653333","-105.5110667","2681.3","2013-09-16",,,"0.79",,,,,,,
"US1COGL0017","39.90653333","-105.5110667","2681.3","2013-09-17",,,"0.02",,,,,,,
"US1COGL0017","39.90653333","-105.5110667","2681.3","2013-09-18",,,"0.02",,,,,,,
"US1COJF0327","39.831025","-105.122874","1692.2","2013-09-09",,,"0.00",,,,,,,
"US1COJF0327","39.831025","-105.122874","1692.2","2013-09-10",,,"0.66",,,,,,,
"US1COJF0327","39.831025","-105.122874","1692.2","2013-09-11",,,"0.52",,,,,,,
"US1COJF0327","39.831025","-105.122874","1692.2","2013-09-12",,,"2.04",,,,,,,
"US1COJF0327","39.831025","-105.122874","1692.2","2013-09-13",,,"1.01",,,,,,,
"US1COJF0327","39.831025","-105.122874","1692.2","2013-09-14",,,"0.91",,,,,,,
"US1COJF0327","39.831025","-105.122874","1692.2","2013-09-15",,,"0.04",,,,,,,
"US1COJF0327","39.831025","-105.122874","1692.2","2013-09-16",,,"0.54",,,,,,,
"US1COJF0327","39.831025","-105.122874","1692.2","2013-09-17",,,"0.06",,,,,,,
"US1COJF0327","39.831025","-105.122874","1692.2","2013-09-18",,,"0.00",,,,,,,
"US1COBO0014","39.9922","-105.2647","1667.9","2013-09-09",,,"0.00",,,,,,,
"US1COBO0014","39.9922","-105.2647","1667.9","2013-09-10",,,"1.01",,,,,,,
"US1COBO0014","39.9922","-105.2647","1667.9","2013-09-11",,,"1.10",,,,,,,
"US1COBO0014","39.9922","-105.2647","1667.9","2013-09-12",,,"7.30",,,,,,,
"US1COBO0014","39.9922","-105.2647","1667.9","2013-09-13",,,"5.21",,,,,,,
"US1COBO0014","39.9922","-105.2647","1667.9","2013-09-14",,,"0.09",,,,,,,
"US1COBO0014","39.9922","-105.2647","1667.9","2013-09-15",,,"0.41",,,,,,,
"US1COBO0014","39.9922","-105.2647","1667.9","2013-09-16",,,"2.01",,,,,,,
"US1COBO0014","39.9922","-105.2647","1667.9","2013-09-17",,,"0.01",,,,,,,
"US1COBO0014","39.9922","-105.2647","1667.9","2013-09-18",,,"0.00",,,,,,,
"US1COBO0135","39.9873","-105.1703","1681.0","2013-09-09",,,"0.00",,,,,,,
"US1COBO0135","39.9873","-105.1703","1681.0","2013-09-10",,,"1.39",,,,,,,
"US1COBO0135","39.9873","-105.1703","1681.0","2013-09-11",,,"0.85",,,,,,,
"US1COBO0135","39.9873","-105.1703","1681.0","2013-09-12",,,"5.38",,,,,,,
"US1COBO0135","39.9873","-105.1703","1681.0","2013-09-13",,,"3.40",,,,,,,
"US1COBO0135","39.9873","-105.1703","1681.0","2013-09-14",,,"0.11",,,,,,,
"US1COBO0135","39.9873","-105.1703","1681.0","2013-09-15",,,"0.06",,,,,,,
"US1COBO0135","39.9873","-105.1703","1681.0","2013-09-16",,,"1.42",,,,,,,
"US1COBO0135","39.9873","-105.1703","1681.0","2013-09-17",,,"0.05",,,,,,,
"US1COBO0135","39.9873","-105.1703","1681.0","2013-09-18",,,"0.00",,,,,,,
